region,date,confirm
Amazonas,2020-10-11,0
Antioquia,2020-10-11,1940
Arauca,2020-10-11,16
Atlantico,2020-10-11,98
Bogota,2020-10-11,1534
Bolivar,2020-10-11,126
Boyaca,2020-10-11,401
Caldas,2020-10-11,193
Caqueta,2020-10-11,90
Casanare,2020-10-11,73
Cauca,2020-10-11,114
Cesar,2020-10-11,204
Choco,2020-10-11,4
Cordoba,2020-10-11,41
Cundinamarca,2020-10-11,334
Guainia,2020-10-11,0
Guaviare,2020-10-11,30
Huila,2020-10-11,584
La guajira,2020-10-11,96
Magdalena,2020-10-11,100
Meta,2020-10-11,315
Narino,2020-10-11,156
Norte de santander,2020-10-11,221
Putumayo,2020-10-11,19
Quindio,2020-10-11,145
Risaralda,2020-10-11,210
San andres y providencia,2020-10-11,4
Santander,2020-10-11,353
Sucre,2020-10-11,151
Tolima,2020-10-11,237
Valle del cauca,2020-10-11,767
Vaupes,2020-10-11,11
Vichada,2020-10-11,2
Amazonas,2020-10-12,4
Antioquia,2020-10-12,2627
Arauca,2020-10-12,9
Atlantico,2020-10-12,99
Bogota,2020-10-12,1022
Bolivar,2020-10-12,120
Boyaca,2020-10-12,273
Caldas,2020-10-12,215
Caqueta,2020-10-12,221
Casanare,2020-10-12,134
Cauca,2020-10-12,56
Cesar,2020-10-12,243
Choco,2020-10-12,5
Cordoba,2020-10-12,45
Cundinamarca,2020-10-12,173
Guainia,2020-10-12,2
Guaviare,2020-10-12,17
Huila,2020-10-12,397
La guajira,2020-10-12,107
Magdalena,2020-10-12,48
Meta,2020-10-12,222
Narino,2020-10-12,101
Norte de santander,2020-10-12,148
Putumayo,2020-10-12,25
Quindio,2020-10-12,200
Risaralda,2020-10-12,251
San andres y providencia,2020-10-12,19
Santander,2020-10-12,282
Sucre,2020-10-12,29
Tolima,2020-10-12,146
Valle del cauca,2020-10-12,516
Vaupes,2020-10-12,7
Vichada,2020-10-12,4
Amazonas,2020-10-13,0
Antioquia,2020-10-13,1030
Arauca,2020-10-13,10
Atlantico,2020-10-13,75
Bogota,2020-10-13,1462
Bolivar,2020-10-13,47
Boyaca,2020-10-13,156
Caldas,2020-10-13,140
Caqueta,2020-10-13,23
Casanare,2020-10-13,42
Cauca,2020-10-13,113
Cesar,2020-10-13,64
Choco,2020-10-13,0
Cordoba,2020-10-13,74
Cundinamarca,2020-10-13,207
Guainia,2020-10-13,0
Guaviare,2020-10-13,2
Huila,2020-10-13,194
La guajira,2020-10-13,26
Magdalena,2020-10-13,101
Meta,2020-10-13,207
Narino,2020-10-13,53
Norte de santander,2020-10-13,37
Putumayo,2020-10-13,2
Quindio,2020-10-13,97
Risaralda,2020-10-13,14
San andres y providencia,2020-10-13,1
Santander,2020-10-13,276
Sucre,2020-10-13,11
Tolima,2020-10-13,185
Valle del cauca,2020-10-13,364
Vaupes,2020-10-13,0
Vichada,2020-10-13,2
Amazonas,2020-10-14,3
Antioquia,2020-10-14,1083
Arauca,2020-10-14,162
Atlantico,2020-10-14,201
Bogota,2020-10-14,1211
Bolivar,2020-10-14,127
Boyaca,2020-10-14,196
Caldas,2020-10-14,166
Caqueta,2020-10-14,9
Casanare,2020-10-14,24
Cauca,2020-10-14,324
Cesar,2020-10-14,152
Choco,2020-10-14,6
Cordoba,2020-10-14,153
Cundinamarca,2020-10-14,185
Guainia,2020-10-14,2
Guaviare,2020-10-14,4
Huila,2020-10-14,167
La guajira,2020-10-14,54
Magdalena,2020-10-14,43
Meta,2020-10-14,53
Narino,2020-10-14,63
Norte de santander,2020-10-14,201
Putumayo,2020-10-14,6
Quindio,2020-10-14,140
Risaralda,2020-10-14,67
San andres y providencia,2020-10-14,2
Santander,2020-10-14,460
Sucre,2020-10-14,51
Tolima,2020-10-14,190
Valle del cauca,2020-10-14,526
Vaupes,2020-10-14,0
Vichada,2020-10-14,30
Amazonas,2020-10-15,0
Antioquia,2020-10-15,1498
Arauca,2020-10-15,49
Atlantico,2020-10-15,85
Bogota,2020-10-15,1413
Bolivar,2020-10-15,43
Boyaca,2020-10-15,170
Caldas,2020-10-15,186
Caqueta,2020-10-15,41
Casanare,2020-10-15,220
Cauca,2020-10-15,56
Cesar,2020-10-15,91
Choco,2020-10-15,9
Cordoba,2020-10-15,46
Cundinamarca,2020-10-15,382
Guainia,2020-10-15,15
Guaviare,2020-10-15,47
Huila,2020-10-15,350
La guajira,2020-10-15,33
Magdalena,2020-10-15,38
Meta,2020-10-15,135
Narino,2020-10-15,67
Norte de santander,2020-10-15,126
Putumayo,2020-10-15,28
Quindio,2020-10-15,439
Risaralda,2020-10-15,178
San andres y providencia,2020-10-15,68
Santander,2020-10-15,210
Sucre,2020-10-15,74
Tolima,2020-10-15,114
Valle del cauca,2020-10-15,578
Vaupes,2020-10-15,20
Vichada,2020-10-15,14
Amazonas,2020-10-16,0
Antioquia,2020-10-16,1881
Arauca,2020-10-16,64
Atlantico,2020-10-16,66
Bogota,2020-10-16,1070
Bolivar,2020-10-16,113
Boyaca,2020-10-16,262
Caldas,2020-10-16,262
Caqueta,2020-10-16,102
Casanare,2020-10-16,157
Cauca,2020-10-16,156
Cesar,2020-10-16,304
Choco,2020-10-16,8
Cordoba,2020-10-16,109
Cundinamarca,2020-10-16,293
Guainia,2020-10-16,5
Guaviare,2020-10-16,20
Huila,2020-10-16,429
La guajira,2020-10-16,73
Magdalena,2020-10-16,75
Meta,2020-10-16,230
Narino,2020-10-16,233
Norte de santander,2020-10-16,187
Putumayo,2020-10-16,18
Quindio,2020-10-16,226
Risaralda,2020-10-16,541
San andres y providencia,2020-10-16,8
Santander,2020-10-16,461
Sucre,2020-10-16,65
Tolima,2020-10-16,192
Valle del cauca,2020-10-16,739
Vaupes,2020-10-16,17
Vichada,2020-10-16,6
Amazonas,2020-10-17,13
Antioquia,2020-10-17,1593
Arauca,2020-10-17,65
Atlantico,2020-10-17,115
Bogota,2020-10-17,1562
Bolivar,2020-10-17,87
Boyaca,2020-10-17,154
Caldas,2020-10-17,235
Caqueta,2020-10-17,111
Casanare,2020-10-17,60
Cauca,2020-10-17,90
Cesar,2020-10-17,98
Choco,2020-10-17,0
Cordoba,2020-10-17,19
Cundinamarca,2020-10-17,198
Guainia,2020-10-17,29
Guaviare,2020-10-17,14
Huila,2020-10-17,354
La guajira,2020-10-17,35
Magdalena,2020-10-17,37
Meta,2020-10-17,213
Narino,2020-10-17,106
Norte de santander,2020-10-17,84
Putumayo,2020-10-17,37
Quindio,2020-10-17,160
Risaralda,2020-10-17,264
San andres y providencia,2020-10-17,12
Santander,2020-10-17,288
Sucre,2020-10-17,50
Tolima,2020-10-17,233
Valle del cauca,2020-10-17,699
Vaupes,2020-10-17,0
Vichada,2020-10-17,2
Amazonas,2020-10-18,9
Antioquia,2020-10-18,2104
Arauca,2020-10-18,36
Atlantico,2020-10-18,127
Bogota,2020-10-18,1577
Bolivar,2020-10-18,129
Boyaca,2020-10-18,149
Caldas,2020-10-18,250
Caqueta,2020-10-18,69
Casanare,2020-10-18,63
Cauca,2020-10-18,71
Cesar,2020-10-18,275
Choco,2020-10-18,6
Cordoba,2020-10-18,14
Cundinamarca,2020-10-18,114
Guainia,2020-10-18,6
Guaviare,2020-10-18,3
Huila,2020-10-18,269
La guajira,2020-10-18,64
Magdalena,2020-10-18,32
Meta,2020-10-18,144
Narino,2020-10-18,93
Norte de santander,2020-10-18,120
Putumayo,2020-10-18,20
Quindio,2020-10-18,178
Risaralda,2020-10-18,240
San andres y providencia,2020-10-18,8
Santander,2020-10-18,249
Sucre,2020-10-18,69
Tolima,2020-10-18,239
Valle del cauca,2020-10-18,462
Vaupes,2020-10-18,10
Vichada,2020-10-18,2
Amazonas,2020-10-19,0
Antioquia,2020-10-19,1663
Arauca,2020-10-19,25
Atlantico,2020-10-19,59
Bogota,2020-10-19,1001
Bolivar,2020-10-19,76
Boyaca,2020-10-19,180
Caldas,2020-10-19,254
Caqueta,2020-10-19,122
Casanare,2020-10-19,34
Cauca,2020-10-19,72
Cesar,2020-10-19,64
Choco,2020-10-19,3
Cordoba,2020-10-19,52
Cundinamarca,2020-10-19,309
Guainia,2020-10-19,10
Guaviare,2020-10-19,9
Huila,2020-10-19,323
La guajira,2020-10-19,18
Magdalena,2020-10-19,63
Meta,2020-10-19,255
Narino,2020-10-19,80
Norte de santander,2020-10-19,121
Putumayo,2020-10-19,15
Quindio,2020-10-19,203
Risaralda,2020-10-19,133
San andres y providencia,2020-10-19,20
Santander,2020-10-19,358
Sucre,2020-10-19,50
Tolima,2020-10-19,226
Valle del cauca,2020-10-19,505
Vaupes,2020-10-19,0
Vichada,2020-10-19,8
Amazonas,2020-10-20,11
Antioquia,2020-10-20,893
Arauca,2020-10-20,43
Atlantico,2020-10-20,247
Bogota,2020-10-20,1544
Bolivar,2020-10-20,141
Boyaca,2020-10-20,256
Caldas,2020-10-20,366
Caqueta,2020-10-20,83
Casanare,2020-10-20,124
Cauca,2020-10-20,178
Cesar,2020-10-20,187
Choco,2020-10-20,16
Cordoba,2020-10-20,60
Cundinamarca,2020-10-20,296
Guainia,2020-10-20,1
Guaviare,2020-10-20,52
Huila,2020-10-20,537
La guajira,2020-10-20,37
Magdalena,2020-10-20,68
Meta,2020-10-20,291
Narino,2020-10-20,143
Norte de santander,2020-10-20,278
Putumayo,2020-10-20,36
Quindio,2020-10-20,347
Risaralda,2020-10-20,144
San andres y providencia,2020-10-20,26
Santander,2020-10-20,375
Sucre,2020-10-20,67
Tolima,2020-10-20,288
Valle del cauca,2020-10-20,1108
Vaupes,2020-10-20,5
Vichada,2020-10-20,8
Amazonas,2020-10-21,86
Antioquia,2020-10-21,1365
Arauca,2020-10-21,24
Atlantico,2020-10-21,151
Bogota,2020-10-21,2557
Bolivar,2020-10-21,94
Boyaca,2020-10-21,193
Caldas,2020-10-21,236
Caqueta,2020-10-21,78
Casanare,2020-10-21,98
Cauca,2020-10-21,115
Cesar,2020-10-21,157
Choco,2020-10-21,4
Cordoba,2020-10-21,89
Cundinamarca,2020-10-21,272
Guainia,2020-10-21,0
Guaviare,2020-10-21,19
Huila,2020-10-21,246
La guajira,2020-10-21,32
Magdalena,2020-10-21,51
Meta,2020-10-21,104
Narino,2020-10-21,104
Norte de santander,2020-10-21,174
Putumayo,2020-10-21,13
Quindio,2020-10-21,98
Risaralda,2020-10-21,212
San andres y providencia,2020-10-21,23
Santander,2020-10-21,205
Sucre,2020-10-21,17
Tolima,2020-10-21,147
Valle del cauca,2020-10-21,593
Vaupes,2020-10-21,1
Vichada,2020-10-21,3
Amazonas,2020-10-22,0
Antioquia,2020-10-22,1739
Arauca,2020-10-22,53
Atlantico,2020-10-22,143
Bogota,2020-10-22,2302
Bolivar,2020-10-22,52
Boyaca,2020-10-22,224
Caldas,2020-10-22,312
Caqueta,2020-10-22,81
Casanare,2020-10-22,140
Cauca,2020-10-22,60
Cesar,2020-10-22,56
Choco,2020-10-22,4
Cordoba,2020-10-22,23
Cundinamarca,2020-10-22,419
Guainia,2020-10-22,4
Guaviare,2020-10-22,15
Huila,2020-10-22,446
La guajira,2020-10-22,52
Magdalena,2020-10-22,102
Meta,2020-10-22,210
Narino,2020-10-22,115
Norte de santander,2020-10-22,168
Putumayo,2020-10-22,12
Quindio,2020-10-22,239
Risaralda,2020-10-22,170
San andres y providencia,2020-10-22,5
Santander,2020-10-22,436
Sucre,2020-10-22,47
Tolima,2020-10-22,301
Valle del cauca,2020-10-22,640
Vaupes,2020-10-22,0
Vichada,2020-10-22,0
Amazonas,2020-10-23,2
Antioquia,2020-10-23,2177
Arauca,2020-10-23,174
Atlantico,2020-10-23,222
Bogota,2020-10-23,1546
Bolivar,2020-10-23,127
Boyaca,2020-10-23,369
Caldas,2020-10-23,377
Caqueta,2020-10-23,104
Casanare,2020-10-23,127
Cauca,2020-10-23,100
Cesar,2020-10-23,167
Choco,2020-10-23,11
Cordoba,2020-10-23,68
Cundinamarca,2020-10-23,338
Guainia,2020-10-23,6
Guaviare,2020-10-23,12
Huila,2020-10-23,335
La guajira,2020-10-23,51
Magdalena,2020-10-23,76
Meta,2020-10-23,167
Narino,2020-10-23,191
Norte de santander,2020-10-23,277
Putumayo,2020-10-23,27
Quindio,2020-10-23,229
Risaralda,2020-10-23,221
San andres y providencia,2020-10-23,11
Santander,2020-10-23,412
Sucre,2020-10-23,29
Tolima,2020-10-23,154
Valle del cauca,2020-10-23,552
Vaupes,2020-10-23,10
Vichada,2020-10-23,3
Amazonas,2020-10-24,4
Antioquia,2020-10-24,1863
Arauca,2020-10-24,34
Atlantico,2020-10-24,113
Bogota,2020-10-24,2532
Bolivar,2020-10-24,64
Boyaca,2020-10-24,149
Caldas,2020-10-24,412
Caqueta,2020-10-24,68
Casanare,2020-10-24,83
Cauca,2020-10-24,74
Cesar,2020-10-24,174
Choco,2020-10-24,6
Cordoba,2020-10-24,66
Cundinamarca,2020-10-24,321
Guainia,2020-10-24,4
Guaviare,2020-10-24,12
Huila,2020-10-24,221
La guajira,2020-10-24,30
Magdalena,2020-10-24,41
Meta,2020-10-24,198
Narino,2020-10-24,128
Norte de santander,2020-10-24,185
Putumayo,2020-10-24,23
Quindio,2020-10-24,266
Risaralda,2020-10-24,165
San andres y providencia,2020-10-24,16
Santander,2020-10-24,311
Sucre,2020-10-24,57
Tolima,2020-10-24,481
Valle del cauca,2020-10-24,631
Vaupes,2020-10-24,35
Vichada,2020-10-24,2
Amazonas,2020-10-25,0
Antioquia,2020-10-25,2734
Arauca,2020-10-25,25
Atlantico,2020-10-25,79
Bogota,2020-10-25,1261
Bolivar,2020-10-25,98
Boyaca,2020-10-25,194
Caldas,2020-10-25,193
Caqueta,2020-10-25,32
Casanare,2020-10-25,87
Cauca,2020-10-25,69
Cesar,2020-10-25,322
Choco,2020-10-25,5
Cordoba,2020-10-25,35
Cundinamarca,2020-10-25,182
Guainia,2020-10-25,1
Guaviare,2020-10-25,7
Huila,2020-10-25,530
La guajira,2020-10-25,32
Magdalena,2020-10-25,55
Meta,2020-10-25,180
Narino,2020-10-25,96
Norte de santander,2020-10-25,144
Putumayo,2020-10-25,5
Quindio,2020-10-25,205
Risaralda,2020-10-25,196
San andres y providencia,2020-10-25,11
Santander,2020-10-25,290
Sucre,2020-10-25,42
Tolima,2020-10-25,212
Valle del cauca,2020-10-25,850
Vaupes,2020-10-25,1
Vichada,2020-10-25,1
Amazonas,2020-10-26,0
Antioquia,2020-10-26,1944
Arauca,2020-10-26,44
Atlantico,2020-10-26,155
Bogota,2020-10-26,1200
Bolivar,2020-10-26,189
Boyaca,2020-10-26,307
Caldas,2020-10-26,377
Caqueta,2020-10-26,164
Casanare,2020-10-26,111
Cauca,2020-10-26,148
Cesar,2020-10-26,299
Choco,2020-10-26,7
Cordoba,2020-10-26,87
Cundinamarca,2020-10-26,470
Guainia,2020-10-26,8
Guaviare,2020-10-26,32
Huila,2020-10-26,505
La guajira,2020-10-26,91
Magdalena,2020-10-26,121
Meta,2020-10-26,403
Narino,2020-10-26,139
Norte de santander,2020-10-26,233
Putumayo,2020-10-26,6
Quindio,2020-10-26,158
Risaralda,2020-10-26,324
San andres y providencia,2020-10-26,8
Santander,2020-10-26,413
Sucre,2020-10-26,65
Tolima,2020-10-26,381
Valle del cauca,2020-10-26,754
Vaupes,2020-10-26,4
Vichada,2020-10-26,19
Amazonas,2020-10-27,5
Antioquia,2020-10-27,2134
Arauca,2020-10-27,105
Atlantico,2020-10-27,149
Bogota,2020-10-27,1841
Bolivar,2020-10-27,80
Boyaca,2020-10-27,247
Caldas,2020-10-27,318
Caqueta,2020-10-27,84
Casanare,2020-10-27,53
Cauca,2020-10-27,104
Cesar,2020-10-27,61
Choco,2020-10-27,2
Cordoba,2020-10-27,11
Cundinamarca,2020-10-27,201
Guainia,2020-10-27,0
Guaviare,2020-10-27,12
Huila,2020-10-27,229
La guajira,2020-10-27,19
Magdalena,2020-10-27,41
Meta,2020-10-27,131
Narino,2020-10-27,77
Norte de santander,2020-10-27,243
Putumayo,2020-10-27,11
Quindio,2020-10-27,262
Risaralda,2020-10-27,210
San andres y providencia,2020-10-27,6
Santander,2020-10-27,366
Sucre,2020-10-27,24
Tolima,2020-10-27,356
Valle del cauca,2020-10-27,760
Vaupes,2020-10-27,21
Vichada,2020-10-27,3
Amazonas,2020-10-28,6
Antioquia,2020-10-28,2110
Arauca,2020-10-28,11
Atlantico,2020-10-28,130
Bogota,2020-10-28,1742
Bolivar,2020-10-28,126
Boyaca,2020-10-28,288
Caldas,2020-10-28,434
Caqueta,2020-10-28,29
Casanare,2020-10-28,162
Cauca,2020-10-28,159
Cesar,2020-10-28,79
Choco,2020-10-28,8
Cordoba,2020-10-28,39
Cundinamarca,2020-10-28,294
Guainia,2020-10-28,3
Guaviare,2020-10-28,33
Huila,2020-10-28,383
La guajira,2020-10-28,29
Magdalena,2020-10-28,51
Meta,2020-10-28,119
Narino,2020-10-28,128
Norte de santander,2020-10-28,219
Putumayo,2020-10-28,17
Quindio,2020-10-28,294
Risaralda,2020-10-28,123
San andres y providencia,2020-10-28,11
Santander,2020-10-28,420
Sucre,2020-10-28,5
Tolima,2020-10-28,239
Valle del cauca,2020-10-28,1018
Vaupes,2020-10-28,0
Vichada,2020-10-28,9
Amazonas,2020-10-29,11
Antioquia,2020-10-29,2662
Arauca,2020-10-29,49
Atlantico,2020-10-29,226
Bogota,2020-10-29,2954
Bolivar,2020-10-29,191
Boyaca,2020-10-29,482
Caldas,2020-10-29,326
Caqueta,2020-10-29,71
Casanare,2020-10-29,62
Cauca,2020-10-29,188
Cesar,2020-10-29,324
Choco,2020-10-29,14
Cordoba,2020-10-29,78
Cundinamarca,2020-10-29,393
Guainia,2020-10-29,9
Guaviare,2020-10-29,25
Huila,2020-10-29,419
La guajira,2020-10-29,92
Magdalena,2020-10-29,71
Meta,2020-10-29,230
Narino,2020-10-29,64
Norte de santander,2020-10-29,190
Putumayo,2020-10-29,24
Quindio,2020-10-29,311
Risaralda,2020-10-29,203
San andres y providencia,2020-10-29,1
Santander,2020-10-29,480
Sucre,2020-10-29,30
Tolima,2020-10-29,310
Valle del cauca,2020-10-29,693
Vaupes,2020-10-29,2
Vichada,2020-10-29,2
Amazonas,2020-10-30,2
Antioquia,2020-10-30,2520
Arauca,2020-10-30,96
Atlantico,2020-10-30,222
Bogota,2020-10-30,1771
Bolivar,2020-10-30,152
Boyaca,2020-10-30,444
Caldas,2020-10-30,524
Caqueta,2020-10-30,65
Casanare,2020-10-30,133
Cauca,2020-10-30,91
Cesar,2020-10-30,143
Choco,2020-10-30,5
Cordoba,2020-10-30,40
Cundinamarca,2020-10-30,242
Guainia,2020-10-30,2
Guaviare,2020-10-30,11
Huila,2020-10-30,427
La guajira,2020-10-30,82
Magdalena,2020-10-30,59
Meta,2020-10-30,241
Narino,2020-10-30,223
Norte de santander,2020-10-30,204
Putumayo,2020-10-30,36
Quindio,2020-10-30,360
Risaralda,2020-10-30,263
San andres y providencia,2020-10-30,1
Santander,2020-10-30,397
Sucre,2020-10-30,41
Tolima,2020-10-30,325
Valle del cauca,2020-10-30,903
Vaupes,2020-10-30,0
Vichada,2020-10-30,4
Amazonas,2020-10-31,3
Antioquia,2020-10-31,2098
Arauca,2020-10-31,66
Atlantico,2020-10-31,297
Bogota,2020-10-31,2199
Bolivar,2020-10-31,277
Boyaca,2020-10-31,248
Caldas,2020-10-31,454
Caqueta,2020-10-31,131
Casanare,2020-10-31,52
Cauca,2020-10-31,153
Cesar,2020-10-31,290
Choco,2020-10-31,14
Cordoba,2020-10-31,144
Cundinamarca,2020-10-31,435
Guainia,2020-10-31,3
Guaviare,2020-10-31,14
Huila,2020-10-31,638
La guajira,2020-10-31,249
Magdalena,2020-10-31,98
Meta,2020-10-31,443
Narino,2020-10-31,120
Norte de santander,2020-10-31,200
Putumayo,2020-10-31,17
Quindio,2020-10-31,288
Risaralda,2020-10-31,183
San andres y providencia,2020-10-31,15
Santander,2020-10-31,426
Sucre,2020-10-31,38
Tolima,2020-10-31,655
Valle del cauca,2020-10-31,784
Vaupes,2020-10-31,0
Vichada,2020-10-31,1
Amazonas,2020-11-01,3
Antioquia,2020-11-01,1398
Arauca,2020-11-01,36
Atlantico,2020-11-01,230
Bogota,2020-11-01,1388
Bolivar,2020-11-01,158
Boyaca,2020-11-01,268
Caldas,2020-11-01,566
Caqueta,2020-11-01,115
Casanare,2020-11-01,55
Cauca,2020-11-01,125
Cesar,2020-11-01,109
Choco,2020-11-01,8
Cordoba,2020-11-01,92
Cundinamarca,2020-11-01,334
Guainia,2020-11-01,15
Guaviare,2020-11-01,40
Huila,2020-11-01,474
La guajira,2020-11-01,91
Magdalena,2020-11-01,114
Meta,2020-11-01,419
Narino,2020-11-01,179
Norte de santander,2020-11-01,262
Putumayo,2020-11-01,32
Quindio,2020-11-01,286
Risaralda,2020-11-01,341
San andres y providencia,2020-11-01,0
Santander,2020-11-01,479
Sucre,2020-11-01,51
Tolima,2020-11-01,534
Valle del cauca,2020-11-01,929
Vaupes,2020-11-01,2
Vichada,2020-11-01,4
Amazonas,2020-11-02,13
Antioquia,2020-11-02,2403
Arauca,2020-11-02,20
Atlantico,2020-11-02,185
Bogota,2020-11-02,1408
Bolivar,2020-11-02,245
Boyaca,2020-11-02,267
Caldas,2020-11-02,390
Caqueta,2020-11-02,129
Casanare,2020-11-02,129
Cauca,2020-11-02,105
Cesar,2020-11-02,213
Choco,2020-11-02,8
Cordoba,2020-11-02,127
Cundinamarca,2020-11-02,298
Guainia,2020-11-02,1
Guaviare,2020-11-02,15
Huila,2020-11-02,516
La guajira,2020-11-02,83
Magdalena,2020-11-02,80
Meta,2020-11-02,377
Narino,2020-11-02,184
Norte de santander,2020-11-02,220
Putumayo,2020-11-02,29
Quindio,2020-11-02,437
Risaralda,2020-11-02,303
San andres y providencia,2020-11-02,19
Santander,2020-11-02,416
Sucre,2020-11-02,33
Tolima,2020-11-02,476
Valle del cauca,2020-11-02,802
Vaupes,2020-11-02,1
Vichada,2020-11-02,3
Amazonas,2020-11-03,15
Antioquia,2020-11-03,1125
Arauca,2020-11-03,12
Atlantico,2020-11-03,192
Bogota,2020-11-03,1456
Bolivar,2020-11-03,51
Boyaca,2020-11-03,238
Caldas,2020-11-03,303
Caqueta,2020-11-03,64
Casanare,2020-11-03,70
Cauca,2020-11-03,12
Cesar,2020-11-03,114
Choco,2020-11-03,4
Cordoba,2020-11-03,9
Cundinamarca,2020-11-03,301
Guainia,2020-11-03,4
Guaviare,2020-11-03,19
Huila,2020-11-03,454
La guajira,2020-11-03,66
Magdalena,2020-11-03,51
Meta,2020-11-03,87
Narino,2020-11-03,38
Norte de santander,2020-11-03,217
Putumayo,2020-11-03,13
Quindio,2020-11-03,162
Risaralda,2020-11-03,71
San andres y providencia,2020-11-03,10
Santander,2020-11-03,220
Sucre,2020-11-03,13
Tolima,2020-11-03,282
Valle del cauca,2020-11-03,436
Vaupes,2020-11-03,2
Vichada,2020-11-03,25
Amazonas,2020-11-04,0
Antioquia,2020-11-04,2008
Arauca,2020-11-04,11
Atlantico,2020-11-04,188
Bogota,2020-11-04,1819
Bolivar,2020-11-04,175
Boyaca,2020-11-04,334
Caldas,2020-11-04,365
Caqueta,2020-11-04,16
Casanare,2020-11-04,50
Cauca,2020-11-04,177
Cesar,2020-11-04,426
Choco,2020-11-04,2
Cordoba,2020-11-04,100
Cundinamarca,2020-11-04,305
Guainia,2020-11-04,0
Guaviare,2020-11-04,25
Huila,2020-11-04,279
La guajira,2020-11-04,55
Magdalena,2020-11-04,44
Meta,2020-11-04,155
Narino,2020-11-04,68
Norte de santander,2020-11-04,203
Putumayo,2020-11-04,8
Quindio,2020-11-04,275
Risaralda,2020-11-04,188
San andres y providencia,2020-11-04,21
Santander,2020-11-04,412
Sucre,2020-11-04,29
Tolima,2020-11-04,271
Valle del cauca,2020-11-04,678
Vaupes,2020-11-04,0
Vichada,2020-11-04,5
Amazonas,2020-11-05,0
Antioquia,2020-11-05,2375
Arauca,2020-11-05,31
Atlantico,2020-11-05,138
Bogota,2020-11-05,2215
Bolivar,2020-11-05,125
Boyaca,2020-11-05,450
Caldas,2020-11-05,532
Caqueta,2020-11-05,33
Casanare,2020-11-05,54
Cauca,2020-11-05,113
Cesar,2020-11-05,87
Choco,2020-11-05,3
Cordoba,2020-11-05,7
Cundinamarca,2020-11-05,264
Guainia,2020-11-05,0
Guaviare,2020-11-05,4
Huila,2020-11-05,455
La guajira,2020-11-05,89
Magdalena,2020-11-05,30
Meta,2020-11-05,170
Narino,2020-11-05,214
Norte de santander,2020-11-05,279
Putumayo,2020-11-05,26
Quindio,2020-11-05,255
Risaralda,2020-11-05,340
San andres y providencia,2020-11-05,0
Santander,2020-11-05,330
Sucre,2020-11-05,17
Tolima,2020-11-05,302
Valle del cauca,2020-11-05,949
Vaupes,2020-11-05,1
Vichada,2020-11-05,5
Amazonas,2020-11-06,7
Antioquia,2020-11-06,1788
Arauca,2020-11-06,17
Atlantico,2020-11-06,278
Bogota,2020-11-06,2230
Bolivar,2020-11-06,88
Boyaca,2020-11-06,238
Caldas,2020-11-06,347
Caqueta,2020-11-06,137
Casanare,2020-11-06,48
Cauca,2020-11-06,86
Cesar,2020-11-06,72
Choco,2020-11-06,20
Cordoba,2020-11-06,277
Cundinamarca,2020-11-06,350
Guainia,2020-11-06,0
Guaviare,2020-11-06,1
Huila,2020-11-06,398
La guajira,2020-11-06,40
Magdalena,2020-11-06,73
Meta,2020-11-06,185
Narino,2020-11-06,197
Norte de santander,2020-11-06,238
Putumayo,2020-11-06,9
Quindio,2020-11-06,238
Risaralda,2020-11-06,130
San andres y providencia,2020-11-06,5
Santander,2020-11-06,698
Sucre,2020-11-06,252
Tolima,2020-11-06,422
Valle del cauca,2020-11-06,882
Vaupes,2020-11-06,3
Vichada,2020-11-06,0
Amazonas,2020-11-07,0
Antioquia,2020-11-07,1817
Arauca,2020-11-07,105
Atlantico,2020-11-07,193
Bogota,2020-11-07,1646
Bolivar,2020-11-07,138
Boyaca,2020-11-07,254
Caldas,2020-11-07,375
Caqueta,2020-11-07,67
Casanare,2020-11-07,59
Cauca,2020-11-07,63
Cesar,2020-11-07,111
Choco,2020-11-07,16
Cordoba,2020-11-07,30
Cundinamarca,2020-11-07,401
Guainia,2020-11-07,3
Guaviare,2020-11-07,6
Huila,2020-11-07,315
La guajira,2020-11-07,70
Magdalena,2020-11-07,72
Meta,2020-11-07,139
Narino,2020-11-07,210
Norte de santander,2020-11-07,319
Putumayo,2020-11-07,22
Quindio,2020-11-07,271
Risaralda,2020-11-07,201
San andres y providencia,2020-11-07,2
Santander,2020-11-07,393
Sucre,2020-11-07,25
Tolima,2020-11-07,405
Valle del cauca,2020-11-07,983
Vaupes,2020-11-07,3
Vichada,2020-11-07,0
Amazonas,2020-11-08,10
Antioquia,2020-11-08,1704
Arauca,2020-11-08,25
Atlantico,2020-11-08,174
Bogota,2020-11-08,1245
Bolivar,2020-11-08,53
Boyaca,2020-11-08,220
Caldas,2020-11-08,411
Caqueta,2020-11-08,64
Casanare,2020-11-08,56
Cauca,2020-11-08,94
Cesar,2020-11-08,131
Choco,2020-11-08,2
Cordoba,2020-11-08,92
Cundinamarca,2020-11-08,295
Guainia,2020-11-08,4
Guaviare,2020-11-08,17
Huila,2020-11-08,233
La guajira,2020-11-08,106
Magdalena,2020-11-08,59
Meta,2020-11-08,152
Narino,2020-11-08,143
Norte de santander,2020-11-08,159
Putumayo,2020-11-08,21
Quindio,2020-11-08,339
Risaralda,2020-11-08,290
San andres y providencia,2020-11-08,10
Santander,2020-11-08,287
Sucre,2020-11-08,16
Tolima,2020-11-08,327
Valle del cauca,2020-11-08,701
Vaupes,2020-11-08,0
Vichada,2020-11-08,0
Amazonas,2020-11-09,0
Antioquia,2020-11-09,560
Arauca,2020-11-09,6
Atlantico,2020-11-09,144
Bogota,2020-11-09,1572
Bolivar,2020-11-09,85
Boyaca,2020-11-09,145
Caldas,2020-11-09,236
Caqueta,2020-11-09,148
Casanare,2020-11-09,54
Cauca,2020-11-09,19
Cesar,2020-11-09,135
Choco,2020-11-09,8
Cordoba,2020-11-09,25
Cundinamarca,2020-11-09,281
Guainia,2020-11-09,2
Guaviare,2020-11-09,11
Huila,2020-11-09,231
La guajira,2020-11-09,51
Magdalena,2020-11-09,60
Meta,2020-11-09,109
Narino,2020-11-09,68
Norte de santander,2020-11-09,176
Putumayo,2020-11-09,24
Quindio,2020-11-09,78
Risaralda,2020-11-09,79
San andres y providencia,2020-11-09,0
Santander,2020-11-09,202
Sucre,2020-11-09,56
Tolima,2020-11-09,183
Valle del cauca,2020-11-09,417
Vaupes,2020-11-09,1
Vichada,2020-11-09,10
Amazonas,2020-11-10,3
Antioquia,2020-11-10,1628
Arauca,2020-11-10,27
Atlantico,2020-11-10,141
Bogota,2020-11-10,1615
Bolivar,2020-11-10,99
Boyaca,2020-11-10,214
Caldas,2020-11-10,521
Caqueta,2020-11-10,45
Casanare,2020-11-10,52
Cauca,2020-11-10,148
Cesar,2020-11-10,82
Choco,2020-11-10,0
Cordoba,2020-11-10,128
Cundinamarca,2020-11-10,315
Guainia,2020-11-10,3
Guaviare,2020-11-10,4
Huila,2020-11-10,117
La guajira,2020-11-10,21
Magdalena,2020-11-10,120
Meta,2020-11-10,161
Narino,2020-11-10,41
Norte de santander,2020-11-10,141
Putumayo,2020-11-10,8
Quindio,2020-11-10,182
Risaralda,2020-11-10,121
San andres y providencia,2020-11-10,0
Santander,2020-11-10,281
Sucre,2020-11-10,36
Tolima,2020-11-10,141
Valle del cauca,2020-11-10,1216
Vaupes,2020-11-10,1
Vichada,2020-11-10,0
Amazonas,2020-11-11,1
Antioquia,2020-11-11,1652
Arauca,2020-11-11,17
Atlantico,2020-11-11,183
Bogota,2020-11-11,2132
Bolivar,2020-11-11,139
Boyaca,2020-11-11,313
Caldas,2020-11-11,360
Caqueta,2020-11-11,38
Casanare,2020-11-11,63
Cauca,2020-11-11,94
Cesar,2020-11-11,100
Choco,2020-11-11,4
Cordoba,2020-11-11,26
Cundinamarca,2020-11-11,314
Guainia,2020-11-11,0
Guaviare,2020-11-11,39
Huila,2020-11-11,239
La guajira,2020-11-11,62
Magdalena,2020-11-11,37
Meta,2020-11-11,221
Narino,2020-11-11,166
Norte de santander,2020-11-11,267
Putumayo,2020-11-11,38
Quindio,2020-11-11,211
Risaralda,2020-11-11,264
San andres y providencia,2020-11-11,12
Santander,2020-11-11,438
Sucre,2020-11-11,14
Tolima,2020-11-11,203
Valle del cauca,2020-11-11,986
Vaupes,2020-11-11,15
Vichada,2020-11-11,4
Amazonas,2020-11-12,21
Antioquia,2020-11-12,1594
Arauca,2020-11-12,58
Atlantico,2020-11-12,138
Bogota,2020-11-12,2205
Bolivar,2020-11-12,110
Boyaca,2020-11-12,354
Caldas,2020-11-12,458
Caqueta,2020-11-12,65
Casanare,2020-11-12,53
Cauca,2020-11-12,124
Cesar,2020-11-12,114
Choco,2020-11-12,15
Cordoba,2020-11-12,44
Cundinamarca,2020-11-12,308
Guainia,2020-11-12,0
Guaviare,2020-11-12,8
Huila,2020-11-12,157
La guajira,2020-11-12,49
Magdalena,2020-11-12,61
Meta,2020-11-12,118
Narino,2020-11-12,130
Norte de santander,2020-11-12,233
Putumayo,2020-11-12,12
Quindio,2020-11-12,217
Risaralda,2020-11-12,165
San andres y providencia,2020-11-12,2
Santander,2020-11-12,328
Sucre,2020-11-12,23
Tolima,2020-11-12,316
Valle del cauca,2020-11-12,1204
Vaupes,2020-11-12,2
Vichada,2020-11-12,0
Amazonas,2020-11-13,1
Antioquia,2020-11-13,1709
Arauca,2020-11-13,19
Atlantico,2020-11-13,214
Bogota,2020-11-13,1442
Bolivar,2020-11-13,269
Boyaca,2020-11-13,217
Caldas,2020-11-13,647
Caqueta,2020-11-13,51
Casanare,2020-11-13,53
Cauca,2020-11-13,96
Cesar,2020-11-13,148
Choco,2020-11-13,5
Cordoba,2020-11-13,59
Cundinamarca,2020-11-13,483
Guainia,2020-11-13,0
Guaviare,2020-11-13,11
Huila,2020-11-13,315
La guajira,2020-11-13,52
Magdalena,2020-11-13,130
Meta,2020-11-13,142
Narino,2020-11-13,91
Norte de santander,2020-11-13,187
Putumayo,2020-11-13,9
Quindio,2020-11-13,148
Risaralda,2020-11-13,209
San andres y providencia,2020-11-13,9
Santander,2020-11-13,537
Sucre,2020-11-13,40
Tolima,2020-11-13,486
Valle del cauca,2020-11-13,898
Vaupes,2020-11-13,1
Vichada,2020-11-13,6
Amazonas,2020-11-14,14
Antioquia,2020-11-14,1734
Arauca,2020-11-14,39
Atlantico,2020-11-14,188
Bogota,2020-11-14,1771
Bolivar,2020-11-14,89
Boyaca,2020-11-14,157
Caldas,2020-11-14,499
Caqueta,2020-11-14,52
Casanare,2020-11-14,75
Cauca,2020-11-14,49
Cesar,2020-11-14,95
Choco,2020-11-14,68
Cordoba,2020-11-14,155
Cundinamarca,2020-11-14,273
Guainia,2020-11-14,3
Guaviare,2020-11-14,19
Huila,2020-11-14,242
La guajira,2020-11-14,24
Magdalena,2020-11-14,140
Meta,2020-11-14,99
Narino,2020-11-14,105
Norte de santander,2020-11-14,226
Putumayo,2020-11-14,19
Quindio,2020-11-14,702
Risaralda,2020-11-14,219
San andres y providencia,2020-11-14,4
Santander,2020-11-14,308
Sucre,2020-11-14,34
Tolima,2020-11-14,143
Valle del cauca,2020-11-14,748
Vaupes,2020-11-14,12
Vichada,2020-11-14,2
Amazonas,2020-11-15,3
Antioquia,2020-11-15,1545
Arauca,2020-11-15,21
Atlantico,2020-11-15,178
Bogota,2020-11-15,947
Bolivar,2020-11-15,178
Boyaca,2020-11-15,284
Caldas,2020-11-15,433
Caqueta,2020-11-15,83
Casanare,2020-11-15,45
Cauca,2020-11-15,99
Cesar,2020-11-15,74
Choco,2020-11-15,52
Cordoba,2020-11-15,54
Cundinamarca,2020-11-15,278
Guainia,2020-11-15,0
Guaviare,2020-11-15,10
Huila,2020-11-15,227
La guajira,2020-11-15,70
Magdalena,2020-11-15,162
Meta,2020-11-15,225
Narino,2020-11-15,97
Norte de santander,2020-11-15,334
Putumayo,2020-11-15,11
Quindio,2020-11-15,255
Risaralda,2020-11-15,146
San andres y providencia,2020-11-15,12
Santander,2020-11-15,355
Sucre,2020-11-15,30
Tolima,2020-11-15,518
Valle del cauca,2020-11-15,1002
Vaupes,2020-11-15,5
Vichada,2020-11-15,9
Amazonas,2020-11-16,5
Antioquia,2020-11-16,648
Arauca,2020-11-16,7
Atlantico,2020-11-16,208
Bogota,2020-11-16,1186
Bolivar,2020-11-16,175
Boyaca,2020-11-16,198
Caldas,2020-11-16,368
Caqueta,2020-11-16,120
Casanare,2020-11-16,97
Cauca,2020-11-16,104
Cesar,2020-11-16,58
Choco,2020-11-16,7
Cordoba,2020-11-16,19
Cundinamarca,2020-11-16,388
Guainia,2020-11-16,1
Guaviare,2020-11-16,31
Huila,2020-11-16,222
La guajira,2020-11-16,44
Magdalena,2020-11-16,95
Meta,2020-11-16,280
Narino,2020-11-16,107
Norte de santander,2020-11-16,139
Putumayo,2020-11-16,28
Quindio,2020-11-16,201
Risaralda,2020-11-16,267
San andres y providencia,2020-11-16,4
Santander,2020-11-16,333
Sucre,2020-11-16,20
Tolima,2020-11-16,406
Valle del cauca,2020-11-16,699
Vaupes,2020-11-16,0
Vichada,2020-11-16,6
Amazonas,2020-11-17,12
Antioquia,2020-11-17,976
Arauca,2020-11-17,3
Atlantico,2020-11-17,140
Bogota,2020-11-17,1570
Bolivar,2020-11-17,65
Boyaca,2020-11-17,160
Caldas,2020-11-17,216
Caqueta,2020-11-17,54
Casanare,2020-11-17,41
Cauca,2020-11-17,51
Cesar,2020-11-17,24
Choco,2020-11-17,13
Cordoba,2020-11-17,22
Cundinamarca,2020-11-17,322
Guainia,2020-11-17,0
Guaviare,2020-11-17,3
Huila,2020-11-17,168
La guajira,2020-11-17,13
Magdalena,2020-11-17,53
Meta,2020-11-17,177
Narino,2020-11-17,48
Norte de santander,2020-11-17,193
Putumayo,2020-11-17,21
Quindio,2020-11-17,307
Risaralda,2020-11-17,100
San andres y providencia,2020-11-17,12
Santander,2020-11-17,274
Sucre,2020-11-17,20
Tolima,2020-11-17,288
Valle del cauca,2020-11-17,565
Vaupes,2020-11-17,0
Vichada,2020-11-17,0
Amazonas,2020-11-18,9
Antioquia,2020-11-18,671
Arauca,2020-11-18,13
Atlantico,2020-11-18,170
Bogota,2020-11-18,2408
Bolivar,2020-11-18,151
Boyaca,2020-11-18,186
Caldas,2020-11-18,249
Caqueta,2020-11-18,99
Casanare,2020-11-18,62
Cauca,2020-11-18,90
Cesar,2020-11-18,85
Choco,2020-11-18,3
Cordoba,2020-11-18,60
Cundinamarca,2020-11-18,234
Guainia,2020-11-18,3
Guaviare,2020-11-18,17
Huila,2020-11-18,205
La guajira,2020-11-18,33
Magdalena,2020-11-18,44
Meta,2020-11-18,152
Narino,2020-11-18,95
Norte de santander,2020-11-18,269
Putumayo,2020-11-18,27
Quindio,2020-11-18,162
Risaralda,2020-11-18,193
San andres y providencia,2020-11-18,8
Santander,2020-11-18,255
Sucre,2020-11-18,11
Tolima,2020-11-18,156
Valle del cauca,2020-11-18,746
Vaupes,2020-11-18,0
Vichada,2020-11-18,10
Amazonas,2020-11-19,23
Antioquia,2020-11-19,1510
Arauca,2020-11-19,3
Atlantico,2020-11-19,235
Bogota,2020-11-19,1919
Bolivar,2020-11-19,86
Boyaca,2020-11-19,292
Caldas,2020-11-19,375
Caqueta,2020-11-19,13
Casanare,2020-11-19,23
Cauca,2020-11-19,70
Cesar,2020-11-19,148
Choco,2020-11-19,5
Cordoba,2020-11-19,57
Cundinamarca,2020-11-19,300
Guainia,2020-11-19,1
Guaviare,2020-11-19,7
Huila,2020-11-19,139
La guajira,2020-11-19,35
Magdalena,2020-11-19,71
Meta,2020-11-19,158
Narino,2020-11-19,73
Norte de santander,2020-11-19,137
Putumayo,2020-11-19,17
Quindio,2020-11-19,161
Risaralda,2020-11-19,110
San andres y providencia,2020-11-19,2
Santander,2020-11-19,334
Sucre,2020-11-19,14
Tolima,2020-11-19,283
Valle del cauca,2020-11-19,886
Vaupes,2020-11-19,0
Vichada,2020-11-19,0
Amazonas,2020-11-20,32
Antioquia,2020-11-20,1723
Arauca,2020-11-20,12
Atlantico,2020-11-20,150
Bogota,2020-11-20,1922
Bolivar,2020-11-20,104
Boyaca,2020-11-20,290
Caldas,2020-11-20,369
Caqueta,2020-11-20,26
Casanare,2020-11-20,47
Cauca,2020-11-20,35
Cesar,2020-11-20,182
Choco,2020-11-20,7
Cordoba,2020-11-20,70
Cundinamarca,2020-11-20,265
Guainia,2020-11-20,1
Guaviare,2020-11-20,5
Huila,2020-11-20,340
La guajira,2020-11-20,90
Magdalena,2020-11-20,41
Meta,2020-11-20,87
Narino,2020-11-20,102
Norte de santander,2020-11-20,239
Putumayo,2020-11-20,1
Quindio,2020-11-20,170
Risaralda,2020-11-20,189
San andres y providencia,2020-11-20,0
Santander,2020-11-20,301
Sucre,2020-11-20,16
Tolima,2020-11-20,196
Valle del cauca,2020-11-20,942
Vaupes,2020-11-20,0
Vichada,2020-11-20,0
Amazonas,2020-11-21,28
Antioquia,2020-11-21,1542
Arauca,2020-11-21,32
Atlantico,2020-11-21,256
Bogota,2020-11-21,904
Bolivar,2020-11-21,280
Boyaca,2020-11-21,187
Caldas,2020-11-21,270
Caqueta,2020-11-21,33
Casanare,2020-11-21,25
Cauca,2020-11-21,69
Cesar,2020-11-21,65
Choco,2020-11-21,3
Cordoba,2020-11-21,101
Cundinamarca,2020-11-21,288
Guainia,2020-11-21,12
Guaviare,2020-11-21,5
Huila,2020-11-21,176
La guajira,2020-11-21,62
Magdalena,2020-11-21,105
Meta,2020-11-21,112
Narino,2020-11-21,96
Norte de santander,2020-11-21,226
Putumayo,2020-11-21,14
Quindio,2020-11-21,171
Risaralda,2020-11-21,221
San andres y providencia,2020-11-21,3
Santander,2020-11-21,301
Sucre,2020-11-21,78
Tolima,2020-11-21,282
Valle del cauca,2020-11-21,1102
Vaupes,2020-11-21,0
Vichada,2020-11-21,0
Amazonas,2020-11-22,24
Antioquia,2020-11-22,1323
Arauca,2020-11-22,13
Atlantico,2020-11-22,193
Bogota,2020-11-22,2588
Bolivar,2020-11-22,159
Boyaca,2020-11-22,104
Caldas,2020-11-22,193
Caqueta,2020-11-22,87
Casanare,2020-11-22,73
Cauca,2020-11-22,68
Cesar,2020-11-22,64
Choco,2020-11-22,5
Cordoba,2020-11-22,20
Cundinamarca,2020-11-22,353
Guainia,2020-11-22,1
Guaviare,2020-11-22,8
Huila,2020-11-22,105
La guajira,2020-11-22,28
Magdalena,2020-11-22,95
Meta,2020-11-22,307
Narino,2020-11-22,200
Norte de santander,2020-11-22,269
Putumayo,2020-11-22,17
Quindio,2020-11-22,201
Risaralda,2020-11-22,235
San andres y providencia,2020-11-22,6
Santander,2020-11-22,325
Sucre,2020-11-22,14
Tolima,2020-11-22,205
Valle del cauca,2020-11-22,639
Vaupes,2020-11-22,0
Vichada,2020-11-22,1
Amazonas,2020-11-23,0
Antioquia,2020-11-23,1116
Arauca,2020-11-23,12
Atlantico,2020-11-23,224
Bogota,2020-11-23,707
Bolivar,2020-11-23,191
Boyaca,2020-11-23,245
Caldas,2020-11-23,351
Caqueta,2020-11-23,51
Casanare,2020-11-23,84
Cauca,2020-11-23,38
Cesar,2020-11-23,114
Choco,2020-11-23,6
Cordoba,2020-11-23,29
Cundinamarca,2020-11-23,444
Guainia,2020-11-23,0
Guaviare,2020-11-23,6
Huila,2020-11-23,246
La guajira,2020-11-23,74
Magdalena,2020-11-23,161
Meta,2020-11-23,122
Narino,2020-11-23,169
Norte de santander,2020-11-23,260
Putumayo,2020-11-23,22
Quindio,2020-11-23,138
Risaralda,2020-11-23,207
San andres y providencia,2020-11-23,1
Santander,2020-11-23,288
Sucre,2020-11-23,29
Tolima,2020-11-23,468
Valle del cauca,2020-11-23,758
Vaupes,2020-11-23,1
Vichada,2020-11-23,0
Amazonas,2020-11-24,0
Antioquia,2020-11-24,1561
Arauca,2020-11-24,108
Atlantico,2020-11-24,168
Bogota,2020-11-24,2306
Bolivar,2020-11-24,208
Boyaca,2020-11-24,202
Caldas,2020-11-24,306
Caqueta,2020-11-24,26
Casanare,2020-11-24,27
Cauca,2020-11-24,83
Cesar,2020-11-24,61
Choco,2020-11-24,2
Cordoba,2020-11-24,36
Cundinamarca,2020-11-24,219
Guainia,2020-11-24,0
Guaviare,2020-11-24,0
Huila,2020-11-24,74
La guajira,2020-11-24,23
Magdalena,2020-11-24,101
Meta,2020-11-24,61
Narino,2020-11-24,43
Norte de santander,2020-11-24,232
Putumayo,2020-11-24,14
Quindio,2020-11-24,126
Risaralda,2020-11-24,102
San andres y providencia,2020-11-24,47
Santander,2020-11-24,168
Sucre,2020-11-24,50
Tolima,2020-11-24,84
Valle del cauca,2020-11-24,1078
Vaupes,2020-11-24,0
Vichada,2020-11-24,0
Amazonas,2020-11-25,1
Antioquia,2020-11-25,1291
Arauca,2020-11-25,14
Atlantico,2020-11-25,245
Bogota,2020-11-25,2152
Bolivar,2020-11-25,283
Boyaca,2020-11-25,322
Caldas,2020-11-25,357
Caqueta,2020-11-25,51
Casanare,2020-11-25,45
Cauca,2020-11-25,100
Cesar,2020-11-25,171
Choco,2020-11-25,3
Cordoba,2020-11-25,58
Cundinamarca,2020-11-25,308
Guainia,2020-11-25,2
Guaviare,2020-11-25,24
Huila,2020-11-25,145
La guajira,2020-11-25,130
Magdalena,2020-11-25,123
Meta,2020-11-25,278
Narino,2020-11-25,121
Norte de santander,2020-11-25,420
Putumayo,2020-11-25,19
Quindio,2020-11-25,209
Risaralda,2020-11-25,226
San andres y providencia,2020-11-25,5
Santander,2020-11-25,413
Sucre,2020-11-25,14
Tolima,2020-11-25,179
Valle del cauca,2020-11-25,786
Vaupes,2020-11-25,2
Vichada,2020-11-25,0
Amazonas,2020-11-26,9
Antioquia,2020-11-26,1326
Arauca,2020-11-26,30
Atlantico,2020-11-26,317
Bogota,2020-11-26,2774
Bolivar,2020-11-26,283
Boyaca,2020-11-26,258
Caldas,2020-11-26,298
Caqueta,2020-11-26,84
Casanare,2020-11-26,31
Cauca,2020-11-26,159
Cesar,2020-11-26,207
Choco,2020-11-26,2
Cordoba,2020-11-26,30
Cundinamarca,2020-11-26,441
Guainia,2020-11-26,1
Guaviare,2020-11-26,4
Huila,2020-11-26,101
La guajira,2020-11-26,78
Magdalena,2020-11-26,141
Meta,2020-11-26,211
Narino,2020-11-26,106
Norte de santander,2020-11-26,268
Putumayo,2020-11-26,13
Quindio,2020-11-26,205
Risaralda,2020-11-26,195
San andres y providencia,2020-11-26,8
Santander,2020-11-26,501
Sucre,2020-11-26,36
Tolima,2020-11-26,497
Valle del cauca,2020-11-26,880
Vaupes,2020-11-26,2
Vichada,2020-11-26,0
Amazonas,2020-11-27,2
Antioquia,2020-11-27,1797
Arauca,2020-11-27,18
Atlantico,2020-11-27,300
Bogota,2020-11-27,2568
Bolivar,2020-11-27,315
Boyaca,2020-11-27,320
Caldas,2020-11-27,413
Caqueta,2020-11-27,75
Casanare,2020-11-27,57
Cauca,2020-11-27,51
Cesar,2020-11-27,102
Choco,2020-11-27,24
Cordoba,2020-11-27,37
Cundinamarca,2020-11-27,431
Guainia,2020-11-27,11
Guaviare,2020-11-27,14
Huila,2020-11-27,135
La guajira,2020-11-27,59
Magdalena,2020-11-27,183
Meta,2020-11-27,180
Narino,2020-11-27,205
Norte de santander,2020-11-27,411
Putumayo,2020-11-27,43
Quindio,2020-11-27,387
Risaralda,2020-11-27,278
San andres y providencia,2020-11-27,29
Santander,2020-11-27,527
Sucre,2020-11-27,8
Tolima,2020-11-27,420
Valle del cauca,2020-11-27,619
Vaupes,2020-11-27,0
Vichada,2020-11-27,4
Amazonas,2020-11-28,0
Antioquia,2020-11-28,1203
Arauca,2020-11-28,8
Atlantico,2020-11-28,338
Bogota,2020-11-28,2432
Bolivar,2020-11-28,427
Boyaca,2020-11-28,180
Caldas,2020-11-28,206
Caqueta,2020-11-28,58
Casanare,2020-11-28,74
Cauca,2020-11-28,97
Cesar,2020-11-28,149
Choco,2020-11-28,19
Cordoba,2020-11-28,73
Cundinamarca,2020-11-28,449
Guainia,2020-11-28,2
Guaviare,2020-11-28,8
Huila,2020-11-28,243
La guajira,2020-11-28,96
Magdalena,2020-11-28,173
Meta,2020-11-28,218
Narino,2020-11-28,118
Norte de santander,2020-11-28,350
Putumayo,2020-11-28,24
Quindio,2020-11-28,222
Risaralda,2020-11-28,187
San andres y providencia,2020-11-28,16
Santander,2020-11-28,426
Sucre,2020-11-28,25
Tolima,2020-11-28,575
Valle del cauca,2020-11-28,700
Vaupes,2020-11-28,0
Vichada,2020-11-28,8
Amazonas,2020-11-29,3
Antioquia,2020-11-29,1617
Arauca,2020-11-29,7
Atlantico,2020-11-29,269
Bogota,2020-11-29,1901
Bolivar,2020-11-29,285
Boyaca,2020-11-29,178
Caldas,2020-11-29,437
Caqueta,2020-11-29,64
Casanare,2020-11-29,45
Cauca,2020-11-29,72
Cesar,2020-11-29,120
Choco,2020-11-29,14
Cordoba,2020-11-29,38
Cundinamarca,2020-11-29,391
Guainia,2020-11-29,0
Guaviare,2020-11-29,2
Huila,2020-11-29,239
La guajira,2020-11-29,91
Magdalena,2020-11-29,124
Meta,2020-11-29,133
Narino,2020-11-29,111
Norte de santander,2020-11-29,340
Putumayo,2020-11-29,18
Quindio,2020-11-29,217
Risaralda,2020-11-29,122
San andres y providencia,2020-11-29,3
Santander,2020-11-29,440
Sucre,2020-11-29,27
Tolima,2020-11-29,470
Valle del cauca,2020-11-29,983
Vaupes,2020-11-29,0
Vichada,2020-11-29,2
Amazonas,2020-11-30,2
Antioquia,2020-11-30,1168
Arauca,2020-11-30,6
Atlantico,2020-11-30,289
Bogota,2020-11-30,1237
Bolivar,2020-11-30,441
Boyaca,2020-11-30,200
Caldas,2020-11-30,493
Caqueta,2020-11-30,109
Casanare,2020-11-30,246
Cauca,2020-11-30,38
Cesar,2020-11-30,251
Choco,2020-11-30,3
Cordoba,2020-11-30,29
Cundinamarca,2020-11-30,435
Guainia,2020-11-30,2
Guaviare,2020-11-30,5
Huila,2020-11-30,261
La guajira,2020-11-30,73
Magdalena,2020-11-30,183
Meta,2020-11-30,249
Narino,2020-11-30,129
Norte de santander,2020-11-30,413
Putumayo,2020-11-30,32
Quindio,2020-11-30,219
Risaralda,2020-11-30,420
San andres y providencia,2020-11-30,9
Santander,2020-11-30,418
Sucre,2020-11-30,46
Tolima,2020-11-30,503
Valle del cauca,2020-11-30,501
Vaupes,2020-11-30,0
Vichada,2020-11-30,21
Amazonas,2020-12-01,0
Antioquia,2020-12-01,1486
Arauca,2020-12-01,8
Atlantico,2020-12-01,418
Bogota,2020-12-01,1914
Bolivar,2020-12-01,241
Boyaca,2020-12-01,267
Caldas,2020-12-01,238
Caqueta,2020-12-01,21
Casanare,2020-12-01,27
Cauca,2020-12-01,72
Cesar,2020-12-01,88
Choco,2020-12-01,10
Cordoba,2020-12-01,91
Cundinamarca,2020-12-01,378
Guainia,2020-12-01,1
Guaviare,2020-12-01,15
Huila,2020-12-01,255
La guajira,2020-12-01,61
Magdalena,2020-12-01,189
Meta,2020-12-01,69
Narino,2020-12-01,74
Norte de santander,2020-12-01,219
Putumayo,2020-12-01,15
Quindio,2020-12-01,125
Risaralda,2020-12-01,124
San andres y providencia,2020-12-01,17
Santander,2020-12-01,345
Sucre,2020-12-01,47
Tolima,2020-12-01,274
Valle del cauca,2020-12-01,890
Vaupes,2020-12-01,2
Vichada,2020-12-01,4
Amazonas,2020-12-02,6
Antioquia,2020-12-02,1417
Arauca,2020-12-02,13
Atlantico,2020-12-02,280
Bogota,2020-12-02,2678
Bolivar,2020-12-02,483
Boyaca,2020-12-02,164
Caldas,2020-12-02,284
Caqueta,2020-12-02,39
Casanare,2020-12-02,54
Cauca,2020-12-02,96
Cesar,2020-12-02,207
Choco,2020-12-02,4
Cordoba,2020-12-02,94
Cundinamarca,2020-12-02,361
Guainia,2020-12-02,2
Guaviare,2020-12-02,4
Huila,2020-12-02,105
La guajira,2020-12-02,110
Magdalena,2020-12-02,86
Meta,2020-12-02,135
Narino,2020-12-02,107
Norte de santander,2020-12-02,340
Putumayo,2020-12-02,13
Quindio,2020-12-02,228
Risaralda,2020-12-02,166
San andres y providencia,2020-12-02,32
Santander,2020-12-02,500
Sucre,2020-12-02,21
Tolima,2020-12-02,202
Valle del cauca,2020-12-02,1059
Vaupes,2020-12-02,0
Vichada,2020-12-02,7
Amazonas,2020-12-03,2
Antioquia,2020-12-03,1298
Arauca,2020-12-03,55
Atlantico,2020-12-03,251
Bogota,2020-12-03,2802
Bolivar,2020-12-03,365
Boyaca,2020-12-03,287
Caldas,2020-12-03,231
Caqueta,2020-12-03,52
Casanare,2020-12-03,41
Cauca,2020-12-03,41
Cesar,2020-12-03,101
Choco,2020-12-03,3
Cordoba,2020-12-03,25
Cundinamarca,2020-12-03,391
Guainia,2020-12-03,2
Guaviare,2020-12-03,2
Huila,2020-12-03,103
La guajira,2020-12-03,65
Magdalena,2020-12-03,165
Meta,2020-12-03,192
Narino,2020-12-03,160
Norte de santander,2020-12-03,383
Putumayo,2020-12-03,33
Quindio,2020-12-03,185
Risaralda,2020-12-03,253
San andres y providencia,2020-12-03,17
Santander,2020-12-03,375
Sucre,2020-12-03,74
Tolima,2020-12-03,268
Valle del cauca,2020-12-03,1010
Vaupes,2020-12-03,1
Vichada,2020-12-03,1
Amazonas,2020-12-04,0
Antioquia,2020-12-04,1240
Arauca,2020-12-04,23
Atlantico,2020-12-04,497
Bogota,2020-12-04,1558
Bolivar,2020-12-04,474
Boyaca,2020-12-04,227
Caldas,2020-12-04,317
Caqueta,2020-12-04,66
Casanare,2020-12-04,174
Cauca,2020-12-04,166
Cesar,2020-12-04,178
Choco,2020-12-04,7
Cordoba,2020-12-04,37
Cundinamarca,2020-12-04,625
Guainia,2020-12-04,0
Guaviare,2020-12-04,6
Huila,2020-12-04,160
La guajira,2020-12-04,118
Magdalena,2020-12-04,251
Meta,2020-12-04,231
Narino,2020-12-04,96
Norte de santander,2020-12-04,385
Putumayo,2020-12-04,26
Quindio,2020-12-04,257
Risaralda,2020-12-04,263
San andres y providencia,2020-12-04,15
Santander,2020-12-04,499
Sucre,2020-12-04,29
Tolima,2020-12-04,555
Valle del cauca,2020-12-04,804
Vaupes,2020-12-04,1
Vichada,2020-12-04,0
Amazonas,2020-12-05,2
Antioquia,2020-12-05,1486
Arauca,2020-12-05,25
Atlantico,2020-12-05,333
Bogota,2020-12-05,3158
Bolivar,2020-12-05,289
Boyaca,2020-12-05,224
Caldas,2020-12-05,251
Caqueta,2020-12-05,54
Casanare,2020-12-05,36
Cauca,2020-12-05,39
Cesar,2020-12-05,36
Choco,2020-12-05,15
Cordoba,2020-12-05,12
Cundinamarca,2020-12-05,449
Guainia,2020-12-05,1
Guaviare,2020-12-05,1
Huila,2020-12-05,147
La guajira,2020-12-05,80
Magdalena,2020-12-05,148
Meta,2020-12-05,80
Narino,2020-12-05,208
Norte de santander,2020-12-05,437
Putumayo,2020-12-05,38
Quindio,2020-12-05,197
Risaralda,2020-12-05,324
San andres y providencia,2020-12-05,20
Santander,2020-12-05,400
Sucre,2020-12-05,32
Tolima,2020-12-05,270
Valle del cauca,2020-12-05,848
Vaupes,2020-12-05,0
Vichada,2020-12-05,2
Amazonas,2020-12-06,1
Antioquia,2020-12-06,1058
Arauca,2020-12-06,29
Atlantico,2020-12-06,378
Bogota,2020-12-06,1710
Bolivar,2020-12-06,611
Boyaca,2020-12-06,289
Caldas,2020-12-06,337
Caqueta,2020-12-06,75
Casanare,2020-12-06,74
Cauca,2020-12-06,94
Cesar,2020-12-06,130
Choco,2020-12-06,5
Cordoba,2020-12-06,43
Cundinamarca,2020-12-06,433
Guainia,2020-12-06,3
Guaviare,2020-12-06,5
Huila,2020-12-06,174
La guajira,2020-12-06,99
Magdalena,2020-12-06,131
Meta,2020-12-06,298
Narino,2020-12-06,213
Norte de santander,2020-12-06,454
Putumayo,2020-12-06,21
Quindio,2020-12-06,214
Risaralda,2020-12-06,285
San andres y providencia,2020-12-06,20
Santander,2020-12-06,381
Sucre,2020-12-06,27
Tolima,2020-12-06,519
Valle del cauca,2020-12-06,738
Vaupes,2020-12-06,1
Vichada,2020-12-06,4
Amazonas,2020-12-07,1
Antioquia,2020-12-07,750
Arauca,2020-12-07,8
Atlantico,2020-12-07,129
Bogota,2020-12-07,1766
Bolivar,2020-12-07,178
Boyaca,2020-12-07,128
Caldas,2020-12-07,118
Caqueta,2020-12-07,51
Casanare,2020-12-07,47
Cauca,2020-12-07,26
Cesar,2020-12-07,41
Choco,2020-12-07,3
Cordoba,2020-12-07,5
Cundinamarca,2020-12-07,258
Guainia,2020-12-07,1
Guaviare,2020-12-07,0
Huila,2020-12-07,73
La guajira,2020-12-07,40
Magdalena,2020-12-07,58
Meta,2020-12-07,123
Narino,2020-12-07,155
Norte de santander,2020-12-07,293
Putumayo,2020-12-07,36
Quindio,2020-12-07,142
Risaralda,2020-12-07,215
San andres y providencia,2020-12-07,22
Santander,2020-12-07,246
Sucre,2020-12-07,28
Tolima,2020-12-07,326
Valle del cauca,2020-12-07,721
Vaupes,2020-12-07,0
Vichada,2020-12-07,9
Amazonas,2020-12-08,2
Antioquia,2020-12-08,766
Arauca,2020-12-08,14
Atlantico,2020-12-08,243
Bogota,2020-12-08,2681
Bolivar,2020-12-08,219
Boyaca,2020-12-08,151
Caldas,2020-12-08,152
Caqueta,2020-12-08,13
Casanare,2020-12-08,43
Cauca,2020-12-08,93
Cesar,2020-12-08,58
Choco,2020-12-08,13
Cordoba,2020-12-08,32
Cundinamarca,2020-12-08,223
Guainia,2020-12-08,0
Guaviare,2020-12-08,2
Huila,2020-12-08,77
La guajira,2020-12-08,24
Magdalena,2020-12-08,123
Meta,2020-12-08,62
Narino,2020-12-08,74
Norte de santander,2020-12-08,229
Putumayo,2020-12-08,13
Quindio,2020-12-08,107
Risaralda,2020-12-08,198
San andres y providencia,2020-12-08,26
Santander,2020-12-08,218
Sucre,2020-12-08,19
Tolima,2020-12-08,201
Valle del cauca,2020-12-08,1402
Vaupes,2020-12-08,0
Vichada,2020-12-08,32
Amazonas,2020-12-09,4
Antioquia,2020-12-09,1001
Arauca,2020-12-09,9
Atlantico,2020-12-09,302
Bogota,2020-12-09,1388
Bolivar,2020-12-09,390
Boyaca,2020-12-09,167
Caldas,2020-12-09,169
Caqueta,2020-12-09,49
Casanare,2020-12-09,117
Cauca,2020-12-09,54
Cesar,2020-12-09,64
Choco,2020-12-09,10
Cordoba,2020-12-09,10
Cundinamarca,2020-12-09,354
Guainia,2020-12-09,1
Guaviare,2020-12-09,3
Huila,2020-12-09,116
La guajira,2020-12-09,95
Magdalena,2020-12-09,116
Meta,2020-12-09,181
Narino,2020-12-09,121
Norte de santander,2020-12-09,327
Putumayo,2020-12-09,20
Quindio,2020-12-09,204
Risaralda,2020-12-09,321
San andres y providencia,2020-12-09,12
Santander,2020-12-09,506
Sucre,2020-12-09,26
Tolima,2020-12-09,583
Valle del cauca,2020-12-09,734
Vaupes,2020-12-09,0
Vichada,2020-12-09,69
Amazonas,2020-12-10,1
Antioquia,2020-12-10,1271
Arauca,2020-12-10,15
Atlantico,2020-12-10,418
Bogota,2020-12-10,2308
Bolivar,2020-12-10,458
Boyaca,2020-12-10,93
Caldas,2020-12-10,184
Caqueta,2020-12-10,20
Casanare,2020-12-10,18
Cauca,2020-12-10,75
Cesar,2020-12-10,112
Choco,2020-12-10,3
Cordoba,2020-12-10,115
Cundinamarca,2020-12-10,211
Guainia,2020-12-10,1
Guaviare,2020-12-10,10
Huila,2020-12-10,84
La guajira,2020-12-10,30
Magdalena,2020-12-10,116
Meta,2020-12-10,111
Narino,2020-12-10,89
Norte de santander,2020-12-10,182
Putumayo,2020-12-10,7
Quindio,2020-12-10,149
Risaralda,2020-12-10,144
San andres y providencia,2020-12-10,4
Santander,2020-12-10,391
Sucre,2020-12-10,15
Tolima,2020-12-10,173
Valle del cauca,2020-12-10,968
Vaupes,2020-12-10,0
Vichada,2020-12-10,2
Amazonas,2020-12-11,1
Antioquia,2020-12-11,1224
Arauca,2020-12-11,53
Atlantico,2020-12-11,433
Bogota,2020-12-11,3123
Bolivar,2020-12-11,380
Boyaca,2020-12-11,263
Caldas,2020-12-11,169
Caqueta,2020-12-11,42
Casanare,2020-12-11,60
Cauca,2020-12-11,51
Cesar,2020-12-11,205
Choco,2020-12-11,8
Cordoba,2020-12-11,18
Cundinamarca,2020-12-11,328
Guainia,2020-12-11,1
Guaviare,2020-12-11,0
Huila,2020-12-11,155
La guajira,2020-12-11,110
Magdalena,2020-12-11,43
Meta,2020-12-11,70
Narino,2020-12-11,97
Norte de santander,2020-12-11,298
Putumayo,2020-12-11,33
Quindio,2020-12-11,255
Risaralda,2020-12-11,192
San andres y providencia,2020-12-11,9
Santander,2020-12-11,383
Sucre,2020-12-11,29
Tolima,2020-12-11,255
Valle del cauca,2020-12-11,700
Vaupes,2020-12-11,1
Vichada,2020-12-11,9
Amazonas,2020-12-12,5
Antioquia,2020-12-12,1504
Arauca,2020-12-12,11
Atlantico,2020-12-12,304
Bogota,2020-12-12,2738
Bolivar,2020-12-12,181
Boyaca,2020-12-12,173
Caldas,2020-12-12,235
Caqueta,2020-12-12,11
Casanare,2020-12-12,42
Cauca,2020-12-12,55
Cesar,2020-12-12,25
Choco,2020-12-12,9
Cordoba,2020-12-12,34
Cundinamarca,2020-12-12,284
Guainia,2020-12-12,0
Guaviare,2020-12-12,0
Huila,2020-12-12,159
La guajira,2020-12-12,32
Magdalena,2020-12-12,66
Meta,2020-12-12,87
Narino,2020-12-12,115
Norte de santander,2020-12-12,382
Putumayo,2020-12-12,15
Quindio,2020-12-12,113
Risaralda,2020-12-12,192
San andres y providencia,2020-12-12,14
Santander,2020-12-12,381
Sucre,2020-12-12,15
Tolima,2020-12-12,178
Valle del cauca,2020-12-12,796
Vaupes,2020-12-12,0
Vichada,2020-12-12,7
Amazonas,2020-12-13,9
Antioquia,2020-12-13,1551
Arauca,2020-12-13,5
Atlantico,2020-12-13,393
Bogota,2020-12-13,2504
Bolivar,2020-12-13,276
Boyaca,2020-12-13,144
Caldas,2020-12-13,266
Caqueta,2020-12-13,85
Casanare,2020-12-13,39
Cauca,2020-12-13,114
Cesar,2020-12-13,23
Choco,2020-12-13,3
Cordoba,2020-12-13,13
Cundinamarca,2020-12-13,460
Guainia,2020-12-13,0
Guaviare,2020-12-13,1
Huila,2020-12-13,112
La guajira,2020-12-13,55
Magdalena,2020-12-13,95
Meta,2020-12-13,129
Narino,2020-12-13,164
Norte de santander,2020-12-13,349
Putumayo,2020-12-13,19
Quindio,2020-12-13,220
Risaralda,2020-12-13,532
San andres y providencia,2020-12-13,4
Santander,2020-12-13,367
Sucre,2020-12-13,25
Tolima,2020-12-13,123
Valle del cauca,2020-12-13,617
Vaupes,2020-12-13,0
Vichada,2020-12-13,5
Amazonas,2020-12-14,0
Antioquia,2020-12-14,1602
Arauca,2020-12-14,14
Atlantico,2020-12-14,593
Bogota,2020-12-14,1974
Bolivar,2020-12-14,309
Boyaca,2020-12-14,152
Caldas,2020-12-14,138
Caqueta,2020-12-14,73
Casanare,2020-12-14,66
Cauca,2020-12-14,86
Cesar,2020-12-14,89
Choco,2020-12-14,2
Cordoba,2020-12-14,17
Cundinamarca,2020-12-14,540
Guainia,2020-12-14,1
Guaviare,2020-12-14,2
Huila,2020-12-14,84
La guajira,2020-12-14,40
Magdalena,2020-12-14,123
Meta,2020-12-14,255
Narino,2020-12-14,147
Norte de santander,2020-12-14,189
Putumayo,2020-12-14,16
Quindio,2020-12-14,209
Risaralda,2020-12-14,264
San andres y providencia,2020-12-14,6
Santander,2020-12-14,360
Sucre,2020-12-14,15
Tolima,2020-12-14,639
Valle del cauca,2020-12-14,735
Vaupes,2020-12-14,0
Vichada,2020-12-14,2
Amazonas,2020-12-15,1
Antioquia,2020-12-15,1512
Arauca,2020-12-15,24
Atlantico,2020-12-15,286
Bogota,2020-12-15,4053
Bolivar,2020-12-15,382
Boyaca,2020-12-15,194
Caldas,2020-12-15,150
Caqueta,2020-12-15,18
Casanare,2020-12-15,53
Cauca,2020-12-15,99
Cesar,2020-12-15,99
Choco,2020-12-15,8
Cordoba,2020-12-15,12
Cundinamarca,2020-12-15,331
Guainia,2020-12-15,0
Guaviare,2020-12-15,4
Huila,2020-12-15,144
La guajira,2020-12-15,62
Magdalena,2020-12-15,85
Meta,2020-12-15,178
Narino,2020-12-15,94
Norte de santander,2020-12-15,270
Putumayo,2020-12-15,30
Quindio,2020-12-15,95
Risaralda,2020-12-15,161
San andres y providencia,2020-12-15,4
Santander,2020-12-15,270
Sucre,2020-12-15,26
Tolima,2020-12-15,427
Valle del cauca,2020-12-15,1058
Vaupes,2020-12-15,0
Vichada,2020-12-15,0
Amazonas,2020-12-16,5
Antioquia,2020-12-16,1821
Arauca,2020-12-16,11
Atlantico,2020-12-16,676
Bogota,2020-12-16,2894
Bolivar,2020-12-16,406
Boyaca,2020-12-16,221
Caldas,2020-12-16,476
Caqueta,2020-12-16,30
Casanare,2020-12-16,108
Cauca,2020-12-16,76
Cesar,2020-12-16,168
Choco,2020-12-16,27
Cordoba,2020-12-16,12
Cundinamarca,2020-12-16,468
Guainia,2020-12-16,4
Guaviare,2020-12-16,6
Huila,2020-12-16,113
La guajira,2020-12-16,99
Magdalena,2020-12-16,166
Meta,2020-12-16,238
Narino,2020-12-16,213
Norte de santander,2020-12-16,638
Putumayo,2020-12-16,44
Quindio,2020-12-16,282
Risaralda,2020-12-16,513
San andres y providencia,2020-12-16,16
Santander,2020-12-16,683
Sucre,2020-12-16,31
Tolima,2020-12-16,433
Valle del cauca,2020-12-16,1052
Vaupes,2020-12-16,2
Vichada,2020-12-16,21
Amazonas,2020-12-17,0
Antioquia,2020-12-17,1839
Arauca,2020-12-17,7
Atlantico,2020-12-17,467
Bogota,2020-12-17,4059
Bolivar,2020-12-17,552
Boyaca,2020-12-17,262
Caldas,2020-12-17,123
Caqueta,2020-12-17,31
Casanare,2020-12-17,16
Cauca,2020-12-17,132
Cesar,2020-12-17,286
Choco,2020-12-17,11
Cordoba,2020-12-17,48
Cundinamarca,2020-12-17,518
Guainia,2020-12-17,0
Guaviare,2020-12-17,5
Huila,2020-12-17,139
La guajira,2020-12-17,44
Magdalena,2020-12-17,116
Meta,2020-12-17,146
Narino,2020-12-17,168
Norte de santander,2020-12-17,358
Putumayo,2020-12-17,32
Quindio,2020-12-17,160
Risaralda,2020-12-17,438
San andres y providencia,2020-12-17,9
Santander,2020-12-17,416
Sucre,2020-12-17,51
Tolima,2020-12-17,631
Valle del cauca,2020-12-17,1132
Vaupes,2020-12-17,0
Vichada,2020-12-17,0
Amazonas,2020-12-18,3
Antioquia,2020-12-18,1869
Arauca,2020-12-18,29
Atlantico,2020-12-18,938
Bogota,2020-12-18,3131
Bolivar,2020-12-18,703
Boyaca,2020-12-18,355
Caldas,2020-12-18,323
Caqueta,2020-12-18,38
Casanare,2020-12-18,84
Cauca,2020-12-18,88
Cesar,2020-12-18,156
Choco,2020-12-18,27
Cordoba,2020-12-18,40
Cundinamarca,2020-12-18,704
Guainia,2020-12-18,1
Guaviare,2020-12-18,0
Huila,2020-12-18,278
La guajira,2020-12-18,97
Magdalena,2020-12-18,226
Meta,2020-12-18,212
Narino,2020-12-18,356
Norte de santander,2020-12-18,611
Putumayo,2020-12-18,55
Quindio,2020-12-18,396
Risaralda,2020-12-18,554
San andres y providencia,2020-12-18,4
Santander,2020-12-18,652
Sucre,2020-12-18,34
Tolima,2020-12-18,467
Valle del cauca,2020-12-18,843
Vaupes,2020-12-18,0
Vichada,2020-12-18,3
Amazonas,2020-12-19,1
Antioquia,2020-12-19,2030
Arauca,2020-12-19,21
Atlantico,2020-12-19,853
Bogota,2020-12-19,4155
Bolivar,2020-12-19,793
Boyaca,2020-12-19,188
Caldas,2020-12-19,248
Caqueta,2020-12-19,69
Casanare,2020-12-19,58
Cauca,2020-12-19,98
Cesar,2020-12-19,135
Choco,2020-12-19,10
Cordoba,2020-12-19,79
Cundinamarca,2020-12-19,656
Guainia,2020-12-19,0
Guaviare,2020-12-19,6
Huila,2020-12-19,176
La guajira,2020-12-19,146
Magdalena,2020-12-19,195
Meta,2020-12-19,267
Narino,2020-12-19,237
Norte de santander,2020-12-19,451
Putumayo,2020-12-19,43
Quindio,2020-12-19,275
Risaralda,2020-12-19,635
San andres y providencia,2020-12-19,5
Santander,2020-12-19,588
Sucre,2020-12-19,47
Tolima,2020-12-19,610
Valle del cauca,2020-12-19,907
Vaupes,2020-12-19,1
Vichada,2020-12-19,7
Amazonas,2020-12-20,3
Antioquia,2020-12-20,2050
Arauca,2020-12-20,8
Atlantico,2020-12-20,607
Bogota,2020-12-20,3061
Bolivar,2020-12-20,623
Boyaca,2020-12-20,210
Caldas,2020-12-20,155
Caqueta,2020-12-20,94
Casanare,2020-12-20,60
Cauca,2020-12-20,73
Cesar,2020-12-20,147
Choco,2020-12-20,40
Cordoba,2020-12-20,137
Cundinamarca,2020-12-20,402
Guainia,2020-12-20,1
Guaviare,2020-12-20,2
Huila,2020-12-20,131
La guajira,2020-12-20,69
Magdalena,2020-12-20,277
Meta,2020-12-20,141
Narino,2020-12-20,175
Norte de santander,2020-12-20,411
Putumayo,2020-12-20,35
Quindio,2020-12-20,190
Risaralda,2020-12-20,228
San andres y providencia,2020-12-20,5
Santander,2020-12-20,405
Sucre,2020-12-20,28
Tolima,2020-12-20,624
Valle del cauca,2020-12-20,768
Vaupes,2020-12-20,0
Vichada,2020-12-20,0
Amazonas,2020-12-21,1
Antioquia,2020-12-21,2011
Arauca,2020-12-21,3
Atlantico,2020-12-21,689
Bogota,2020-12-21,1217
Bolivar,2020-12-21,540
Boyaca,2020-12-21,247
Caldas,2020-12-21,396
Caqueta,2020-12-21,130
Casanare,2020-12-21,33
Cauca,2020-12-21,46
Cesar,2020-12-21,99
Choco,2020-12-21,8
Cordoba,2020-12-21,14
Cundinamarca,2020-12-21,576
Guainia,2020-12-21,0
Guaviare,2020-12-21,15
Huila,2020-12-21,186
La guajira,2020-12-21,103
Magdalena,2020-12-21,133
Meta,2020-12-21,226
Narino,2020-12-21,307
Norte de santander,2020-12-21,699
Putumayo,2020-12-21,52
Quindio,2020-12-21,261
Risaralda,2020-12-21,604
San andres y providencia,2020-12-21,1
Santander,2020-12-21,493
Sucre,2020-12-21,39
Tolima,2020-12-21,851
Valle del cauca,2020-12-21,860
Vaupes,2020-12-21,0
Vichada,2020-12-21,4
Amazonas,2020-12-22,11
Antioquia,2020-12-22,1944
Arauca,2020-12-22,16
Atlantico,2020-12-22,824
Bogota,2020-12-22,3439
Bolivar,2020-12-22,782
Boyaca,2020-12-22,229
Caldas,2020-12-22,242
Caqueta,2020-12-22,104
Casanare,2020-12-22,38
Cauca,2020-12-22,209
Cesar,2020-12-22,245
Choco,2020-12-22,10
Cordoba,2020-12-22,90
Cundinamarca,2020-12-22,495
Guainia,2020-12-22,0
Guaviare,2020-12-22,0
Huila,2020-12-22,210
La guajira,2020-12-22,113
Magdalena,2020-12-22,153
Meta,2020-12-22,207
Narino,2020-12-22,143
Norte de santander,2020-12-22,314
Putumayo,2020-12-22,43
Quindio,2020-12-22,241
Risaralda,2020-12-22,323
San andres y providencia,2020-12-22,2
Santander,2020-12-22,518
Sucre,2020-12-22,31
Tolima,2020-12-22,745
Valle del cauca,2020-12-22,801
Vaupes,2020-12-22,1
Vichada,2020-12-22,3
Amazonas,2020-12-23,3
Antioquia,2020-12-23,1993
Arauca,2020-12-23,16
Atlantico,2020-12-23,373
Bogota,2020-12-23,5213
Bolivar,2020-12-23,291
Boyaca,2020-12-23,269
Caldas,2020-12-23,211
Caqueta,2020-12-23,58
Casanare,2020-12-23,88
Cauca,2020-12-23,98
Cesar,2020-12-23,107
Choco,2020-12-23,14
Cordoba,2020-12-23,54
Cundinamarca,2020-12-23,519
Guainia,2020-12-23,1
Guaviare,2020-12-23,3
Huila,2020-12-23,182
La guajira,2020-12-23,57
Magdalena,2020-12-23,197
Meta,2020-12-23,176
Narino,2020-12-23,245
Norte de santander,2020-12-23,406
Putumayo,2020-12-23,20
Quindio,2020-12-23,346
Risaralda,2020-12-23,622
San andres y providencia,2020-12-23,6
Santander,2020-12-23,594
Sucre,2020-12-23,30
Tolima,2020-12-23,481
Valle del cauca,2020-12-23,1537
Vaupes,2020-12-23,1
Vichada,2020-12-23,23
Amazonas,2020-12-24,3
Antioquia,2020-12-24,1966
Arauca,2020-12-24,1
Atlantico,2020-12-24,923
Bogota,2020-12-24,4746
Bolivar,2020-12-24,665
Boyaca,2020-12-24,318
Caldas,2020-12-24,471
Caqueta,2020-12-24,77
Casanare,2020-12-24,52
Cauca,2020-12-24,94
Cesar,2020-12-24,205
Choco,2020-12-24,14
Cordoba,2020-12-24,67
Cundinamarca,2020-12-24,815
Guainia,2020-12-24,3
Guaviare,2020-12-24,0
Huila,2020-12-24,205
La guajira,2020-12-24,96
Magdalena,2020-12-24,273
Meta,2020-12-24,337
Narino,2020-12-24,296
Norte de santander,2020-12-24,319
Putumayo,2020-12-24,45
Quindio,2020-12-24,197
Risaralda,2020-12-24,332
San andres y providencia,2020-12-24,15
Santander,2020-12-24,555
Sucre,2020-12-24,41
Tolima,2020-12-24,651
Valle del cauca,2020-12-24,1157
Vaupes,2020-12-24,2
Vichada,2020-12-24,0
Amazonas,2020-12-25,12
Antioquia,2020-12-25,1998
Arauca,2020-12-25,20
Atlantico,2020-12-25,865
Bogota,2020-12-25,4219
Bolivar,2020-12-25,576
Boyaca,2020-12-25,259
Caldas,2020-12-25,176
Caqueta,2020-12-25,70
Casanare,2020-12-25,94
Cauca,2020-12-25,154
Cesar,2020-12-25,161
Choco,2020-12-25,6
Cordoba,2020-12-25,41
Cundinamarca,2020-12-25,601
Guainia,2020-12-25,1
Guaviare,2020-12-25,9
Huila,2020-12-25,264
La guajira,2020-12-25,93
Magdalena,2020-12-25,289
Meta,2020-12-25,218
Narino,2020-12-25,420
Norte de santander,2020-12-25,444
Putumayo,2020-12-25,34
Quindio,2020-12-25,326
Risaralda,2020-12-25,479
San andres y providencia,2020-12-25,1
Santander,2020-12-25,760
Sucre,2020-12-25,59
Tolima,2020-12-25,846
Valle del cauca,2020-12-25,1442
Vaupes,2020-12-25,0
Vichada,2020-12-25,4
Amazonas,2020-12-26,4
Antioquia,2020-12-26,1866
Arauca,2020-12-26,5
Atlantico,2020-12-26,608
Bogota,2020-12-26,1978
Bolivar,2020-12-26,584
Boyaca,2020-12-26,213
Caldas,2020-12-26,248
Caqueta,2020-12-26,57
Casanare,2020-12-26,40
Cauca,2020-12-26,28
Cesar,2020-12-26,150
Choco,2020-12-26,1
Cordoba,2020-12-26,35
Cundinamarca,2020-12-26,403
Guainia,2020-12-26,0
Guaviare,2020-12-26,5
Huila,2020-12-26,137
La guajira,2020-12-26,56
Magdalena,2020-12-26,110
Meta,2020-12-26,239
Narino,2020-12-26,182
Norte de santander,2020-12-26,271
Putumayo,2020-12-26,36
Quindio,2020-12-26,207
Risaralda,2020-12-26,517
San andres y providencia,2020-12-26,1
Santander,2020-12-26,385
Sucre,2020-12-26,23
Tolima,2020-12-26,670
Valle del cauca,2020-12-26,1137
Vaupes,2020-12-26,0
Vichada,2020-12-26,0
Amazonas,2020-12-27,1
Antioquia,2020-12-27,1363
Arauca,2020-12-27,2
Atlantico,2020-12-27,547
Bogota,2020-12-27,3141
Bolivar,2020-12-27,236
Boyaca,2020-12-27,231
Caldas,2020-12-27,128
Caqueta,2020-12-27,30
Casanare,2020-12-27,55
Cauca,2020-12-27,123
Cesar,2020-12-27,65
Choco,2020-12-27,5
Cordoba,2020-12-27,26
Cundinamarca,2020-12-27,533
Guainia,2020-12-27,0
Guaviare,2020-12-27,0
Huila,2020-12-27,142
La guajira,2020-12-27,22
Magdalena,2020-12-27,118
Meta,2020-12-27,160
Narino,2020-12-27,99
Norte de santander,2020-12-27,363
Putumayo,2020-12-27,31
Quindio,2020-12-27,160
Risaralda,2020-12-27,349
San andres y providencia,2020-12-27,3
Santander,2020-12-27,291
Sucre,2020-12-27,24
Tolima,2020-12-27,586
Valle del cauca,2020-12-27,755
Vaupes,2020-12-27,5
Vichada,2020-12-27,0
Amazonas,2020-12-28,1
Antioquia,2020-12-28,752
Arauca,2020-12-28,7
Atlantico,2020-12-28,271
Bogota,2020-12-28,2300
Bolivar,2020-12-28,466
Boyaca,2020-12-28,243
Caldas,2020-12-28,228
Caqueta,2020-12-28,55
Casanare,2020-12-28,43
Cauca,2020-12-28,91
Cesar,2020-12-28,60
Choco,2020-12-28,57
Cordoba,2020-12-28,28
Cundinamarca,2020-12-28,619
Guainia,2020-12-28,0
Guaviare,2020-12-28,4
Huila,2020-12-28,129
La guajira,2020-12-28,71
Magdalena,2020-12-28,189
Meta,2020-12-28,286
Narino,2020-12-28,295
Norte de santander,2020-12-28,403
Putumayo,2020-12-28,27
Quindio,2020-12-28,197
Risaralda,2020-12-28,387
San andres y providencia,2020-12-28,7
Santander,2020-12-28,656
Sucre,2020-12-28,34
Tolima,2020-12-28,768
Valle del cauca,2020-12-28,630
Vaupes,2020-12-28,2
Vichada,2020-12-28,4
Amazonas,2020-12-29,8
Antioquia,2020-12-29,1253
Arauca,2020-12-29,11
Atlantico,2020-12-29,438
Bogota,2020-12-29,4713
Bolivar,2020-12-29,232
Boyaca,2020-12-29,197
Caldas,2020-12-29,231
Caqueta,2020-12-29,7
Casanare,2020-12-29,68
Cauca,2020-12-29,123
Cesar,2020-12-29,37
Choco,2020-12-29,7
Cordoba,2020-12-29,7
Cundinamarca,2020-12-29,437
Guainia,2020-12-29,1
Guaviare,2020-12-29,8
Huila,2020-12-29,207
La guajira,2020-12-29,14
Magdalena,2020-12-29,105
Meta,2020-12-29,81
Narino,2020-12-29,187
Norte de santander,2020-12-29,320
Putumayo,2020-12-29,22
Quindio,2020-12-29,182
Risaralda,2020-12-29,250
San andres y providencia,2020-12-29,6
Santander,2020-12-29,299
Sucre,2020-12-29,11
Tolima,2020-12-29,256
Valle del cauca,2020-12-29,1289
Vaupes,2020-12-29,1
Vichada,2020-12-29,7
Amazonas,2020-12-30,5
Antioquia,2020-12-30,1700
Arauca,2020-12-30,31
Atlantico,2020-12-30,525
Bogota,2020-12-30,4957
Bolivar,2020-12-30,291
Boyaca,2020-12-30,208
Caldas,2020-12-30,219
Caqueta,2020-12-30,29
Casanare,2020-12-30,31
Cauca,2020-12-30,135
Cesar,2020-12-30,29
Choco,2020-12-30,8
Cordoba,2020-12-30,26
Cundinamarca,2020-12-30,396
Guainia,2020-12-30,4
Guaviare,2020-12-30,5
Huila,2020-12-30,170
La guajira,2020-12-30,71
Magdalena,2020-12-30,60
Meta,2020-12-30,100
Narino,2020-12-30,243
Norte de santander,2020-12-30,352
Putumayo,2020-12-30,17
Quindio,2020-12-30,134
Risaralda,2020-12-30,199
San andres y providencia,2020-12-30,17
Santander,2020-12-30,333
Sucre,2020-12-30,16
Tolima,2020-12-30,261
Valle del cauca,2020-12-30,1067
Vaupes,2020-12-30,0
Vichada,2020-12-30,0
Amazonas,2020-12-31,0
Antioquia,2020-12-31,2042
Arauca,2020-12-31,6
Atlantico,2020-12-31,994
Bogota,2020-12-31,6244
Bolivar,2020-12-31,368
Boyaca,2020-12-31,316
Caldas,2020-12-31,249
Caqueta,2020-12-31,64
Casanare,2020-12-31,57
Cauca,2020-12-31,181
Cesar,2020-12-31,272
Choco,2020-12-31,6
Cordoba,2020-12-31,88
Cundinamarca,2020-12-31,907
Guainia,2020-12-31,0
Guaviare,2020-12-31,6
Huila,2020-12-31,169
La guajira,2020-12-31,59
Magdalena,2020-12-31,123
Meta,2020-12-31,336
Narino,2020-12-31,294
Norte de santander,2020-12-31,278
Putumayo,2020-12-31,23
Quindio,2020-12-31,212
Risaralda,2020-12-31,655
San andres y providencia,2020-12-31,3
Santander,2020-12-31,548
Sucre,2020-12-31,22
Tolima,2020-12-31,445
Valle del cauca,2020-12-31,1345
Vaupes,2020-12-31,0
Vichada,2020-12-31,2
Amazonas,2021-01-01,4
Antioquia,2021-01-01,2117
Arauca,2021-01-01,24
Atlantico,2021-01-01,574
Bogota,2021-01-01,4098
Bolivar,2021-01-01,201
Boyaca,2021-01-01,220
Caldas,2021-01-01,136
Caqueta,2021-01-01,42
Casanare,2021-01-01,47
Cauca,2021-01-01,140
Cesar,2021-01-01,78
Choco,2021-01-01,10
Cordoba,2021-01-01,13
Cundinamarca,2021-01-01,448
Guainia,2021-01-01,1
Guaviare,2021-01-01,1
Huila,2021-01-01,229
La guajira,2021-01-01,64
Magdalena,2021-01-01,72
Meta,2021-01-01,125
Narino,2021-01-01,295
Norte de santander,2021-01-01,274
Putumayo,2021-01-01,49
Quindio,2021-01-01,272
Risaralda,2021-01-01,395
San andres y providencia,2021-01-01,6
Santander,2021-01-01,736
Sucre,2021-01-01,17
Tolima,2021-01-01,414
Valle del cauca,2021-01-01,1002
Vaupes,2021-01-01,0
Vichada,2021-01-01,0
Amazonas,2021-01-02,10
Antioquia,2021-01-02,2849
Arauca,2021-01-02,7
Atlantico,2021-01-02,443
Bogota,2021-01-02,2007
Bolivar,2021-01-02,547
Boyaca,2021-01-02,427
Caldas,2021-01-02,136
Caqueta,2021-01-02,57
Casanare,2021-01-02,62
Cauca,2021-01-02,110
Cesar,2021-01-02,128
Choco,2021-01-02,7
Cordoba,2021-01-02,41
Cundinamarca,2021-01-02,592
Guainia,2021-01-02,0
Guaviare,2021-01-02,2
Huila,2021-01-02,177
La guajira,2021-01-02,66
Magdalena,2021-01-02,107
Meta,2021-01-02,308
Narino,2021-01-02,497
Norte de santander,2021-01-02,286
Putumayo,2021-01-02,54
Quindio,2021-01-02,142
Risaralda,2021-01-02,348
San andres y providencia,2021-01-02,3
Santander,2021-01-02,575
Sucre,2021-01-02,54
Tolima,2021-01-02,636
Valle del cauca,2021-01-02,843
Vaupes,2021-01-02,0
Vichada,2021-01-02,7
Amazonas,2021-01-03,8
Antioquia,2021-01-03,2275
Arauca,2021-01-03,4
Atlantico,2021-01-03,353
Bogota,2021-01-03,2959
Bolivar,2021-01-03,161
Boyaca,2021-01-03,169
Caldas,2021-01-03,322
Caqueta,2021-01-03,23
Casanare,2021-01-03,18
Cauca,2021-01-03,145
Cesar,2021-01-03,17
Choco,2021-01-03,11
Cordoba,2021-01-03,30
Cundinamarca,2021-01-03,388
Guainia,2021-01-03,0
Guaviare,2021-01-03,1
Huila,2021-01-03,135
La guajira,2021-01-03,5
Magdalena,2021-01-03,85
Meta,2021-01-03,101
Narino,2021-01-03,319
Norte de santander,2021-01-03,201
Putumayo,2021-01-03,21
Quindio,2021-01-03,123
Risaralda,2021-01-03,478
San andres y providencia,2021-01-03,2
Santander,2021-01-03,283
Sucre,2021-01-03,48
Tolima,2021-01-03,136
Valle del cauca,2021-01-03,590
Vaupes,2021-01-03,1
Vichada,2021-01-03,0
