region,estimate,median,mean,sd,lower_90,lower_50,lower_20,upper_20,upper_50,upper_90,point,lower,upper,mid_lower,mid_upper,central_lower,central_upper,metric,Expected change in daily cases
British Virgin Islands,0 (0 -- 0),,,,,,,,,,0,0,0,0,0,0,0,New confirmed cases by infection date,Unsure
British Virgin Islands,0.6 (0 -- 1.9),,,,,,,,,,0.6,0,1.9,0,0.6,0.1,0.4,Effective reproduction no.,Unsure
Fiji,0 (0 -- 0),,,,,,,,,,0.00204294120327798,1.00106817227833e-05,0.0977689619428645,1.00106817227833e-05,0.00204700617567633,,,New confirmed cases by infection date,Likely decreasing
Fiji,0.3 (0 -- 0.8),,,,,,,,,,0.3,0,0.8,0,0.3,,,Effective reproduction no.,Likely decreasing
Guinea-Bissau,4 (0 -- 82),,,,,,,,,,4,0,82,0,4,0,1,New confirmed cases by infection date,Unsure
Guinea-Bissau,1 (0.3 -- 1.6),,,,,,,,,,1,0.3,1.6,0.8,1.1,0.9,1,Effective reproduction no.,Unsure
Montserrat,0 (0 -- 2),,,,,,,,,,0.0253605253257921,1.01065040358743e-05,2.07577049569344,1.01065040358743e-05,0.0254129553409361,,,New confirmed cases by infection date,Unsure
Montserrat,1 (0 -- 2.2),,,,,,,,,,1,0,2.2,0,1,,,Effective reproduction no.,Unsure
New Caledonia,0 (0 -- 0),,,,,,,,,,0.00944031152561931,1.00065015167024e-05,0.251352879065376,1.00065015167024e-05,0.0094835075546037,,,New confirmed cases by infection date,Unsure
New Caledonia,0.9 (0 -- 1.4),,,,,,,,,,0.9,0,1.4,0.7,1.2,,,Effective reproduction no.,Unsure
Nicaragua,12 (0 -- 266),,,,,,,,,,12,0,266,0,12,,,New confirmed cases by infection date,Unsure
Nicaragua,0.95 (0.4 -- 1.66),,,,,,,,,,0.95,0.4,1.66,0.78,1.07,,,Effective reproduction no.,Unsure
St. Kitts & Nevis,0 (0 -- 0),,,,,,,,,,0.000228128838445477,1.0015302052068e-05,0.0245787692154807,1.0015302052068e-05,0.000228320796622933,,,New confirmed cases by infection date,Likely decreasing
St. Kitts & Nevis,0.3 (0 -- 0.9),,,,,,,,,,0.3,0,0.9,0,0.3,,,Effective reproduction no.,Likely decreasing
Western Sahara,1 (0 -- 289),,,,,,,,,,0.636658904296699,1.00002164306349e-05,288.966844632985,1.00002164306349e-05,0.637869634358349,,,New confirmed cases by infection date,Unsure
Western Sahara,0.6 (0 -- 1.4),,,,,,,,,,0.6,0,1.4,0.3,0.9,,,Effective reproduction no.,Unsure
United States,215800 (141083 -- 289132),215800,214891,45123,141083,184499,203494,227412,245329,289132,,,,,,,,New confirmed cases by infection date,Likely increasing
India,64481 (43770 -- 92365),64481,65724,15148,43770,55761,61004,67823,74575,92365,,,,,,,,New confirmed cases by infection date,Unsure
Brazil,41710 (28869 -- 63320),41710,43290,10775,28869,35915,39252,44171,48791,63320,,,,,,,,New confirmed cases by infection date,Unsure
Poland,32415 (15938 -- 113473),32415,44329,38355,15938,23012,28295,37952,51598,113473,,,,,,,,New confirmed cases by infection date,Unsure
Ukraine,23746 (17440 -- 37850),23746,25220,6790,17440,20596,22500,25158,28213,37850,,,,,,,,New confirmed cases by infection date,Increasing
Russia,21414 (14072 -- 29972),21414,21604,4818,14072,18309,20176,22504,24713,29972,,,,,,,,New confirmed cases by infection date,Unsure
Turkey,16878 (12449 -- 21894),16878,16981,2834,12449,15073,16181,17580,18729,21894,,,,,,,,New confirmed cases by infection date,Unsure
Iran,16708 (10627 -- 22036),16708,16610,3448,10627,14457,15911,17591,18893,22036,,,,,,,,New confirmed cases by infection date,Likely increasing
Italy,16275 (10661 -- 22601),16275,16407,3632,10661,13924,15457,17179,18713,22601,,,,,,,,New confirmed cases by infection date,Unsure
Germany,16220 (11270 -- 24315),16220,16804,4148,11270,14018,15396,17097,18838,24315,,,,,,,,New confirmed cases by infection date,Unsure
Spain,14857 (3913 -- 33948),14857,16663,11167,3913,9087,12580,17554,22409,33948,,,,,,,,New confirmed cases by infection date,Unsure
Serbia,14273 (7355 -- 26664),14273,15334,6240,7355,11120,12985,15669,18421,26664,,,,,,,,New confirmed cases by infection date,Likely increasing
United Kingdom,9324 (3853 -- 16701),9324,9641,3962,3853,6772,8331,10371,12137,16701,,,,,,,,New confirmed cases by infection date,Unsure
Mexico,8847 (5217 -- 28178),8847,11832,12402,5217,7093,8183,9753,11639,28178,,,,,,,,New confirmed cases by infection date,Unsure
Azerbaijan,8315 (4296 -- 16710),8315,9149,4387,4296,6364,7549,9162,10799,16710,,,,,,,,New confirmed cases by infection date,Unsure
Colombia,7116 (5085 -- 12039),7116,7707,2460,5085,6128,6718,7597,8586,12039,,,,,,,,New confirmed cases by infection date,Unsure
Sweden,7095 (4009 -- 14903),7095,7932,3710,4009,5515,6456,7805,9253,14903,,,,,,,,New confirmed cases by infection date,Likely increasing
Czechia,6502 (2443 -- 20958),6502,8577,7520,2443,4251,5530,7697,10158,20958,,,,,,,,New confirmed cases by infection date,Unsure
Croatia,6336 (3530 -- 11923),6336,6889,2807,3530,5023,5775,6966,8117,11923,,,,,,,,New confirmed cases by infection date,Unsure
Romania,6245 (3459 -- 10290),6245,6556,2222,3459,4963,5722,6847,7907,10290,,,,,,,,New confirmed cases by infection date,Unsure
Morocco,6211 (4720 -- 7823),6211,6233,952,4720,5622,6000,6435,6796,7823,,,,,,,,New confirmed cases by infection date,Likely increasing
Canada,6146 (3517 -- 9146),6146,6194,1729,3517,5052,5740,6548,7182,9146,,,,,,,,New confirmed cases by infection date,Likely increasing
Netherlands,5475 (2875 -- 9124),5475,5697,1998,2875,4379,5055,5945,6795,9124,,,,,,,,New confirmed cases by infection date,Unsure
Indonesia,4952 (3248 -- 7285),4952,5068,1289,3248,4192,4661,5249,5759,7285,,,,,,,,New confirmed cases by infection date,Unsure
Argentina,4939 (2851 -- 6639),4939,4893,1149,2851,4235,4681,5208,5632,6639,,,,,,,,New confirmed cases by infection date,Unsure
Georgia,4780 (1830 -- 12846),4780,5806,4285,1830,3343,4180,5518,6979,12846,,,,,,,,New confirmed cases by infection date,Likely increasing
South Africa,4667 (2827 -- 7648),4667,4882,1624,2827,3815,4310,5007,5639,7648,,,,,,,,New confirmed cases by infection date,Unsure
Portugal,4665 (2354 -- 7782),4665,4805,1647,2354,3658,4320,5068,5778,7782,,,,,,,,New confirmed cases by infection date,Unsure
Jordan,4299 (2172 -- 8347),4299,4682,2042,2172,3288,3897,4753,5700,8347,,,,,,,,New confirmed cases by infection date,Unsure
Pakistan,4135 (2560 -- 6119),4135,4212,1106,2560,3466,3858,4400,4842,6119,,,,,,,,New confirmed cases by infection date,Likely increasing
Palestinian Territories,4011 (2080 -- 7269),4011,4279,1672,2080,3149,3658,4379,5155,7269,,,,,,,,New confirmed cases by infection date,Unsure
Japan,3469 (1737 -- 5629),3469,3554,1188,1737,2748,3210,3745,4226,5629,,,,,,,,New confirmed cases by infection date,Unsure
Switzerland,3309 (1074 -- 11162),3309,4425,4713,1074,2117,2814,3903,5168,11162,,,,,,,,New confirmed cases by infection date,Unsure
Bangladesh,2896 (2190 -- 3589),2896,2899,432,2190,2629,2805,3002,3164,3589,,,,,,,,New confirmed cases by infection date,Unsure
Bulgaria,2888 (1506 -- 5838),2888,3207,1539,1506,2199,2600,3190,3840,5838,,,,,,,,New confirmed cases by infection date,Unsure
Sudan,2741 (199 -- 30328),2741,9235,43338,199,1034,1927,3752,6752,30328,,,,,,,,New confirmed cases by infection date,Unsure
Hungary,2590 (1289 -- 5065),2590,2824,1223,1289,1997,2348,2873,3394,5065,,,,,,,,New confirmed cases by infection date,Unsure
Austria,2576 (1094 -- 5631),2576,2891,1537,1094,1840,2280,2929,3603,5631,,,,,,,,New confirmed cases by infection date,Unsure
France,2346 (821 -- 5606),2346,2688,1598,821,1586,2037,2729,3420,5606,,,,,,,,New confirmed cases by infection date,Unsure
Myanmar (Burma),2249 (1360 -- 3756),2249,2360,759,1360,1837,2088,2431,2754,3756,,,,,,,,New confirmed cases by infection date,Unsure
Belarus,2120 (1568 -- 2961),2120,2180,441,1568,1884,2028,2226,2416,2961,,,,,,,,New confirmed cases by infection date,Increasing
Malaysia,1889 (808 -- 6909),1889,2743,4561,808,1313,1636,2156,2863,6909,,,,,,,,New confirmed cases by infection date,Likely increasing
Iraq,1705 (999 -- 4144),1705,2174,1086,999,1355,1555,1924,3338,4144,,,,,,,,New confirmed cases by infection date,Unsure
Nepal,1698 (771 -- 7106),1698,2583,3232,771,1195,1473,1972,2705,7106,,,,,,,,New confirmed cases by infection date,Unsure
Lithuania,1632 (795 -- 3444),1632,1818,888,795,1228,1462,1828,2187,3444,,,,,,,,New confirmed cases by infection date,Likely increasing
Moldova,1601 (891 -- 2693),1601,1678,590,891,1284,1476,1734,1970,2693,,,,,,,,New confirmed cases by infection date,Unsure
Panama,1573 (1073 -- 2133),1573,1582,326,1073,1379,1502,1639,1769,2133,,,,,,,,New confirmed cases by infection date,Unsure
Peru,1437 (938 -- 2163),1437,1474,391,938,1227,1353,1511,1663,2163,,,,,,,,New confirmed cases by infection date,Likely decreasing
United Arab Emirates,1387 (1083 -- 1910),1387,1428,262,1083,1245,1329,1451,1567,1910,,,,,,,,New confirmed cases by infection date,Unsure
North Macedonia,1383 (522 -- 2785),1383,1491,748,522,945,1194,1573,1923,2785,,,,,,,,New confirmed cases by infection date,Likely increasing
Denmark,1353 (404 -- 5093),1353,1886,1967,404,812,1113,1630,2219,5093,,,,,,,,New confirmed cases by infection date,Unsure
Philippines,1328 (897 -- 2065),1328,1384,378,897,1164,1262,1399,1539,2065,,,,,,,,New confirmed cases by infection date,Likely decreasing
Belgium,1320 (471 -- 3537),1320,1576,1034,471,892,1147,1534,1961,3537,,,,,,,,New confirmed cases by infection date,Unsure
Chile,1304 (1144 -- 1597),1304,1326,141,1144,1235,1274,1334,1397,1597,,,,,,,,New confirmed cases by infection date,Likely decreasing
Algeria,1262 (780 -- 2018),1262,1309,380,780,1044,1170,1352,1523,2018,,,,,,,,New confirmed cases by infection date,Unsure
Costa Rica,1253 (949 -- 2115),1253,1354,383,949,1117,1198,1321,1477,2115,,,,,,,,New confirmed cases by infection date,Unsure
Kazakhstan,1224 (574 -- 2494),1224,1341,645,574,917,1102,1362,1613,2494,,,,,,,,New confirmed cases by infection date,Unsure
Slovenia,1222 (466 -- 2796),1222,1378,827,466,868,1076,1377,1680,2796,,,,,,,,New confirmed cases by infection date,Unsure
Greece,1210 (664 -- 2185),1210,1290,496,664,956,1111,1312,1525,2185,,,,,,,,New confirmed cases by infection date,Unsure
Lebanon,1126 (645 -- 1730),1126,1152,342,645,927,1051,1205,1347,1730,,,,,,,,New confirmed cases by infection date,Unsure
Puerto Rico,1083 (546 -- 2631),1083,1276,784,546,854,989,1201,1452,2631,,,,,,,,New confirmed cases by infection date,Unsure
Israel,1032 (331 -- 3171),1032,1323,1340,331,651,860,1211,1595,3171,,,,,,,,New confirmed cases by infection date,Unsure
Armenia,990 (446 -- 2727),990,1228,918,446,720,875,1132,1428,2727,,,,,,,,New confirmed cases by infection date,Unsure
Dominican Republic,907 (497 -- 1911),907,1028,508,497,705,828,1007,1212,1911,,,,,,,,New confirmed cases by infection date,Unsure
Paraguay,824 (578 -- 1424),824,893,287,578,680,764,898,1035,1424,,,,,,,,New confirmed cases by infection date,Unsure
Tunisia,813 (360 -- 1850),813,933,552,360,593,724,919,1115,1850,,,,,,,,New confirmed cases by infection date,Unsure
South Korea,758 (409 -- 1535),758,842,405,409,589,687,831,997,1535,,,,,,,,New confirmed cases by infection date,Unsure
Albania,752 (309 -- 1280),752,769,310,309,554,680,826,947,1280,,,,,,,,New confirmed cases by infection date,Unsure
Ecuador,746 (362 -- 1288),746,778,319,362,601,695,796,895,1288,,,,,,,,New confirmed cases by infection date,Unsure
Cameroon,687 (111 -- 6372),687,2087,10349,111,333,529,933,1549,6372,,,,,,,,New confirmed cases by infection date,Unsure
Kenya,685 (305 -- 1424),685,747,359,305,495,607,774,919,1424,,,,,,,,New confirmed cases by infection date,Unsure
Slovakia,656 (307 -- 1541),656,766,500,307,484,586,734,904,1541,,,,,,,,New confirmed cases by infection date,Unsure
Bosnia & Herzegovina,629 (171 -- 2073),629,824,756,171,376,521,751,1008,2073,,,,,,,,New confirmed cases by infection date,Unsure
Finland,585 (304 -- 1316),585,671,364,304,443,525,652,792,1316,,,,,,,,New confirmed cases by infection date,Likely increasing
Libya,578 (346 -- 955),578,604,193,346,478,540,620,697,955,,,,,,,,New confirmed cases by infection date,Unsure
Norway,568 (211 -- 1356),568,645,387,211,383,490,646,808,1356,,,,,,,,New confirmed cases by infection date,Unsure
Botswana,564 (110 -- 4322),564,1889,15368,110,322,468,696,1025,4322,,,,,,,,New confirmed cases by infection date,Unsure
Egypt,551 (414 -- 765),551,564,108,414,490,526,576,622,765,,,,,,,,New confirmed cases by infection date,Unsure
Latvia,518 (237 -- 1235),518,606,467,237,386,465,583,709,1235,,,,,,,,New confirmed cases by infection date,Likely increasing
Kosovo,483 (231 -- 951),483,528,251,231,363,437,535,636,951,,,,,,,,New confirmed cases by infection date,Unsure
Guatemala,463 (316 -- 605),463,464,88,316,420,447,478,508,605,,,,,,,,New confirmed cases by infection date,Likely decreasing
Honduras,416 (210 -- 1504),416,596,595,210,308,367,488,669,1504,,,,,,,,New confirmed cases by infection date,Unsure
Ethiopia,413 (197 -- 794),413,444,197,197,308,370,453,540,794,,,,,,,,New confirmed cases by infection date,Unsure
Montenegro,398 (127 -- 1376),398,546,602,127,258,337,471,639,1376,,,,,,,,New confirmed cases by infection date,Unsure
Venezuela,363 (206 -- 566),363,375,114,206,305,343,390,432,566,,,,,,,,New confirmed cases by infection date,Likely decreasing
Luxembourg,362 (101 -- 1466),362,534,668,101,221,300,439,608,1466,,,,,,,,New confirmed cases by infection date,Unsure
Afghanistan,337 (122 -- 964),337,416,372,122,231,295,386,481,964,,,,,,,,New confirmed cases by infection date,Unsure
Kyrgyzstan,336 (164 -- 669),336,366,171,164,255,303,369,439,669,,,,,,,,New confirmed cases by infection date,Unsure
Cyprus,321 (115 -- 1244),321,464,512,115,216,275,381,518,1244,,,,,,,,New confirmed cases by infection date,Likely increasing
Estonia,303 (98 -- 844),303,368,292,98,194,254,351,453,844,,,,,,,,New confirmed cases by infection date,Unsure
El Salvador,276 (126 -- 456),276,283,107,126,208,251,304,345,456,,,,,,,,New confirmed cases by infection date,Unsure
Oman,268 (104 -- 703),268,320,223,104,187,235,306,383,703,,,,,,,,New confirmed cases by infection date,Unsure
Sri Lanka,268 (27 -- 2302),268,652,1675,27,119,203,367,587,2302,,,,,,,,New confirmed cases by infection date,Unsure
Uganda,247 (93 -- 584),247,282,174,93,168,216,281,347,584,,,,,,,,New confirmed cases by infection date,Unsure
Ghana,239 (34 -- 995),239,356,617,34,119,187,299,430,995,,,,,,,,New confirmed cases by infection date,Unsure
Uzbekistan,232 (117 -- 479),232,257,129,117,179,209,255,303,479,,,,,,,,New confirmed cases by infection date,Unsure
French Polynesia,200 (22 -- 1206),200,421,3387,22,84,148,262,420,1206,,,,,,,,New confirmed cases by infection date,Unsure
Mali,192 (50 -- 1206),192,386,1106,50,105,154,244,372,1206,,,,,,,,New confirmed cases by infection date,Unsure
Qatar,181 (79 -- 237),181,173,48,79,144,168,193,209,237,,,,,,,,New confirmed cases by infection date,Unsure
Nigeria,174 (108 -- 279),174,181,55,108,146,163,186,209,279,,,,,,,,New confirmed cases by infection date,Unsure
Bolivia,169 (82 -- 388),169,193,105,82,126,152,190,230,388,,,,,,,,New confirmed cases by infection date,Unsure
Ireland,162 (43 -- 449),162,195,143,43,102,137,189,250,449,,,,,,,,New confirmed cases by infection date,Unsure
Uruguay,153 (78 -- 292),153,166,71,78,122,140,168,196,292,,,,,,,,New confirmed cases by infection date,Likely increasing
Kuwait,149 (75 -- 258),149,156,59,75,115,135,164,189,258,,,,,,,,New confirmed cases by infection date,Unsure
Guam,136 (33 -- 367),136,162,131,33,84,115,161,205,367,,,,,,,,New confirmed cases by infection date,Unsure
Malta,136 (38 -- 561),136,204,250,38,83,113,167,238,561,,,,,,,,New confirmed cases by infection date,Unsure
Zimbabwe,134 (25 -- 666),134,224,385,25,73,109,167,250,666,,,,,,,,New confirmed cases by infection date,Unsure
Angola,130 (67 -- 331),130,156,117,67,100,118,146,176,331,,,,,,,,New confirmed cases by infection date,Unsure
Maldives,128 (62 -- 305),128,150,88,62,94,114,144,180,305,,,,,,,,New confirmed cases by infection date,Unsure
Curaçao,121 (51 -- 346),121,151,121,51,83,105,140,179,346,,,,,,,,New confirmed cases by infection date,Likely increasing
Saudi Arabia,121 (79 -- 178),121,124,30,79,103,114,128,141,178,,,,,,,,New confirmed cases by infection date,Likely decreasing
Mongolia,120 (23 -- 742),120,254,758,23,64,95,151,233,742,,,,,,,,New confirmed cases by infection date,Likely increasing
Trinidad & Tobago,110 (36 -- 430),110,161,215,36,68,91,132,184,430,,,,,,,,New confirmed cases by infection date,Unsure
Bahrain,102 (76 -- 135),102,104,20,76,91,98,106,113,135,,,,,,,,New confirmed cases by infection date,Decreasing
Mozambique,91 (36 -- 235),91,109,76,36,65,82,104,129,235,,,,,,,,New confirmed cases by infection date,Unsure
Jamaica,85 (41 -- 202),85,98,53,41,62,75,96,117,202,,,,,,,,New confirmed cases by infection date,Unsure
Congo - Kinshasa,83 (32 -- 288),83,117,146,32,55,71,96,130,288,,,,,,,,New confirmed cases by infection date,Unsure
Syria,78 (38 -- 147),78,83,34,38,60,71,85,99,147,,,,,,,,New confirmed cases by infection date,Unsure
Rwanda,72 (19 -- 232),72,94,113,19,45,60,85,112,232,,,,,,,,New confirmed cases by infection date,Unsure
Yemen,72 (12 -- 728),72,196,488,12,34,54,99,166,728,,,,,,,,New confirmed cases by infection date,Unsure
Andorra,68 (12 -- 417),68,135,483,12,35,53,87,131,417,,,,,,,,New confirmed cases by infection date,Unsure
Namibia,68 (37 -- 164),68,81,49,37,53,61,77,96,164,,,,,,,,New confirmed cases by infection date,Unsure
Cape Verde,67 (42 -- 127),67,73,29,42,56,63,72,83,127,,,,,,,,New confirmed cases by infection date,Unsure
Mauritania,66 (16 -- 409),66,156,581,16,36,52,83,132,409,,,,,,,,New confirmed cases by infection date,Unsure
Belize,57 (13 -- 144),57,69,79,13,33,47,69,89,144,,,,,,,,New confirmed cases by infection date,Unsure
Gabon,49 (9 -- 510),49,148,561,9,23,38,66,112,510,,,,,,,,New confirmed cases by infection date,Unsure
Cuba,47 (21 -- 235),47,80,119,21,34,42,55,79,235,,,,,,,,New confirmed cases by infection date,Unsure
Guyana,43 (19 -- 115),43,53,39,19,32,38,48,61,115,,,,,,,,New confirmed cases by infection date,Unsure
Guinea,39 (7 -- 527),39,123,275,7,21,31,48,83,527,,,,,,,,New confirmed cases by infection date,Unsure
Tajikistan,39 (33 -- 46),39,39,4,33,37,38,40,41,46,,,,,,,,New confirmed cases by infection date,Unsure
Congo - Brazzaville,34 (1 -- 1163),34,406,2491,1,10,22,52,118,1163,,,,,,,,New confirmed cases by infection date,Unsure
Niger,30 (5 -- 140),30,47,69,5,16,24,38,56,140,,,,,,,,New confirmed cases by infection date,Unsure
San Marino,27 (1 -- 177),27,54,125,1,9,18,38,64,177,,,,,,,,New confirmed cases by infection date,Unsure
Zambia,27 (10 -- 57),27,30,16,10,20,25,30,36,57,,,,,,,,New confirmed cases by infection date,Likely decreasing
U.S. Virgin Islands,26 (5 -- 198),26,65,202,5,13,20,33,55,198,,,,,,,,New confirmed cases by infection date,Unsure
Eswatini,23 (12 -- 43),23,25,10,12,19,21,26,30,43,,,,,,,,New confirmed cases by infection date,Unsure
Togo,23 (11 -- 36),23,23,7,11,18,22,25,28,36,,,,,,,,New confirmed cases by infection date,Unsure
Australia,20 (5 -- 66),20,26,23,5,12,16,24,33,66,,,,,,,,New confirmed cases by infection date,Unsure
Liechtenstein,18 (4 -- 110),18,34,60,4,10,15,24,37,110,,,,,,,,New confirmed cases by infection date,Unsure
Côte d’Ivoire,16 (5 -- 41),16,19,13,5,12,14,19,23,41,,,,,,,,New confirmed cases by infection date,Likely decreasing
Senegal,14 (6 -- 41),14,18,15,6,10,12,16,20,41,,,,,,,,New confirmed cases by infection date,Unsure
Somalia,13 (1 -- 67),13,24,101,1,6,10,16,23,67,,,,,,,,New confirmed cases by infection date,Unsure
Burkina Faso,12 (5 -- 53),12,19,25,5,8,10,15,21,53,,,,,,,,New confirmed cases by infection date,Unsure
Aruba,10 (4 -- 37),10,15,23,4,7,9,11,15,37,,,,,,,,New confirmed cases by infection date,Unsure
Sint Maarten,10 (4 -- 34),10,14,19,4,7,9,12,16,34,,,,,,,,New confirmed cases by infection date,Unsure
Gibraltar,9 (1 -- 28),9,12,15,1,5,8,11,14,28,,,,,,,,New confirmed cases by infection date,Unsure
Jersey,9 (1 -- 23),9,10,7,1,4,7,11,15,23,,,,,,,,New confirmed cases by infection date,Unsure
Liberia,9 (2 -- 41),9,15,27,2,6,8,12,16,41,,,,,,,,New confirmed cases by infection date,Unsure
Singapore,9 (3 -- 27),9,11,11,3,6,7,10,13,27,,,,,,,,New confirmed cases by infection date,Unsure
Turks & Caicos Islands,9 (1 -- 84),9,24,70,1,4,6,12,20,84,,,,,,,,New confirmed cases by infection date,Unsure
Bahamas,8 (1 -- 29),8,11,14,1,4,6,9,13,29,,,,,,,,New confirmed cases by infection date,Unsure
Eritrea,8 (1 -- 189),8,71,600,1,4,6,11,21,189,,,,,,,,New confirmed cases by infection date,Unsure
Iceland,8 (0 -- 106),8,26,62,0,2,5,12,24,106,,,,,,,,New confirmed cases by infection date,Unsure
China,7 (2 -- 17),7,8,6,2,5,6,8,9,17,,,,,,,,New confirmed cases by infection date,Unsure
Burundi,6 (2 -- 23),6,9,18,2,4,5,7,9,23,,,,,,,,New confirmed cases by infection date,Unsure
Vietnam,6 (0 -- 17),6,7,7,0,3,5,7,9,17,,,,,,,,New confirmed cases by infection date,Unsure
Chad,5 (2 -- 15),5,7,7,2,3,5,6,8,15,,,,,,,,New confirmed cases by infection date,Unsure
Lesotho,5 (1 -- 43),5,14,45,1,3,4,6,10,43,,,,,,,,New confirmed cases by infection date,Unsure
Thailand,5 (2 -- 10),5,6,3,2,4,4,6,7,10,,,,,,,,New confirmed cases by infection date,Unsure
Haiti,4 (1 -- 16),4,6,8,1,2,3,5,6,16,,,,,,,,New confirmed cases by infection date,Likely decreasing
Madagascar,4 (1 -- 29),4,10,57,1,2,3,5,7,29,,,,,,,,New confirmed cases by infection date,Likely decreasing
Malawi,4 (1 -- 16),4,6,7,1,3,3,5,6,16,,,,,,,,New confirmed cases by infection date,Unsure
New Zealand,4 (1 -- 19),4,7,13,1,2,3,4,6,19,,,,,,,,New confirmed cases by infection date,Unsure
St. Lucia,4 (0 -- 42),4,11,33,0,1,3,6,10,42,,,,,,,,New confirmed cases by infection date,Unsure
Bermuda,3 (0 -- 35),3,12,67,0,1,2,4,7,35,,,,,,,,New confirmed cases by infection date,Unsure
South Sudan,3 (0 -- 12),3,4,7,0,1,2,4,5,12,,,,,,,,New confirmed cases by infection date,Unsure
Taiwan,3 (1 -- 8),3,4,8,1,2,3,4,5,8,,,,,,,,New confirmed cases by infection date,Likely increasing
Yemen,2.4 (1.4 -- 4.7),2.4,2.6,1.1,1.4,1.9,2.2,2.6,3,4.7,,,,,,,,Effective reproduction no.,Unsure
Caribbean Netherlands,2 (0 -- 103),2,27,153,0,0,1,4,10,103,,,,,,,,New confirmed cases by infection date,Unsure
Comoros,2 (0 -- 22),2,8,42,0,1,2,3,6,22,,,,,,,,New confirmed cases by infection date,Unsure
Equatorial Guinea,2 (0 -- 22),2,6,21,0,1,2,3,5,22,,,,,,,,New confirmed cases by infection date,Unsure
Gambia,2 (0 -- 18),2,8,132,0,1,2,3,5,18,,,,,,,,New confirmed cases by infection date,Unsure
São Tomé & Príncipe,2 (0 -- 11),2,5,48,0,1,1,2,3,11,,,,,,,,New confirmed cases by infection date,Unsure
Sudan,1.7 (0.7 -- 3),1.7,1.8,0.7,0.7,1.3,1.5,1.8,2.1,3,,,,,,,,Effective reproduction no.,Unsure
Azerbaijan,1.5 (1.1 -- 2),1.5,1.5,0.3,1.1,1.3,1.4,1.5,1.6,2,,,,,,,,Effective reproduction no.,Unsure
Mongolia,1.5 (0.8 -- 2.6),1.5,1.6,0.6,0.8,1.3,1.4,1.6,1.8,2.6,,,,,,,,Effective reproduction no.,Likely increasing
Turkey,1.5 (1.2 -- 1.7),1.5,1.5,0.1,1.2,1.4,1.4,1.5,1.5,1.7,,,,,,,,Effective reproduction no.,Unsure
Cameroon,1.4 (0.8 -- 2.4),1.4,1.5,0.5,0.8,1.1,1.3,1.5,1.7,2.4,,,,,,,,Effective reproduction no.,Unsure
Caribbean Netherlands,1.4 (0.3 -- 4.2),1.4,1.8,1.4,0.3,0.9,1.2,1.7,2.3,4.2,,,,,,,,Effective reproduction no.,Unsure
Mali,1.4 (1 -- 2.2),1.4,1.5,0.4,1,1.2,1.3,1.5,1.6,2.2,,,,,,,,Effective reproduction no.,Unsure
Palestinian Territories,1.4 (1 -- 1.8),1.4,1.4,0.2,1,1.3,1.4,1.5,1.6,1.8,,,,,,,,Effective reproduction no.,Unsure
Turks & Caicos Islands,1.4 (0.7 -- 2.6),1.4,1.5,0.6,0.7,1.1,1.3,1.5,1.7,2.6,,,,,,,,Effective reproduction no.,Unsure
Croatia,1.3 (1 -- 1.8),1.3,1.4,0.2,1,1.2,1.3,1.4,1.5,1.8,,,,,,,,Effective reproduction no.,Unsure
Curaçao,1.3 (0.9 -- 1.7),1.3,1.3,0.3,0.9,1.1,1.2,1.3,1.4,1.7,,,,,,,,Effective reproduction no.,Likely increasing
Czechia,1.3 (0.8 -- 2.3),1.3,1.4,0.5,0.8,1.1,1.2,1.4,1.6,2.3,,,,,,,,Effective reproduction no.,Unsure
Gabon,1.3 (0.9 -- 2.3),1.3,1.4,0.4,0.9,1.1,1.2,1.4,1.6,2.3,,,,,,,,Effective reproduction no.,Unsure
Maldives,1.3 (1 -- 1.7),1.3,1.3,0.2,1,1.2,1.2,1.3,1.4,1.7,,,,,,,,Effective reproduction no.,Unsure
Mauritania,1.3 (0.9 -- 2.1),1.3,1.4,0.5,0.9,1.1,1.2,1.3,1.5,2.1,,,,,,,,Effective reproduction no.,Unsure
Niger,1.3 (0.6 -- 2),1.3,1.3,0.4,0.6,1,1.2,1.4,1.5,2,,,,,,,,Effective reproduction no.,Unsure
Serbia,1.3 (0.9 -- 1.8),1.3,1.3,0.3,0.9,1.2,1.3,1.4,1.5,1.8,,,,,,,,Effective reproduction no.,Likely increasing
South Korea,1.3 (1 -- 1.6),1.3,1.3,0.2,1,1.2,1.3,1.3,1.4,1.6,,,,,,,,Effective reproduction no.,Unsure
Trinidad & Tobago,1.3 (0.9 -- 1.9),1.3,1.3,0.3,0.9,1.1,1.2,1.4,1.5,1.9,,,,,,,,Effective reproduction no.,Unsure
U.S. Virgin Islands,1.3 (0.8 -- 2.5),1.3,1.5,0.6,0.8,1.1,1.2,1.5,1.7,2.5,,,,,,,,Effective reproduction no.,Unsure
Bermuda,1.2 (0.7 -- 2.7),1.2,1.4,0.8,0.7,1,1.1,1.2,1.4,2.7,,,,,,,,Effective reproduction no.,Unsure
Egypt,1.2 (1.1 -- 1.4),1.2,1.2,0.1,1.1,1.1,1.2,1.2,1.2,1.4,,,,,,,,Effective reproduction no.,Unsure
Finland,1.2 (1 -- 1.6),1.2,1.2,0.2,1,1.1,1.2,1.2,1.3,1.6,,,,,,,,Effective reproduction no.,Likely increasing
India,1.2 (0.9 -- 1.4),1.2,1.2,0.2,0.9,1.1,1.1,1.2,1.3,1.4,,,,,,,,Effective reproduction no.,Unsure
Myanmar (Burma),1.2 (0.9 -- 1.4),1.2,1.2,0.1,0.9,1.1,1.1,1.2,1.3,1.4,,,,,,,,Effective reproduction no.,Unsure
Poland,1.2 (0.9 -- 2.2),1.2,1.3,0.5,0.9,1,1.1,1.3,1.5,2.2,,,,,,,,Effective reproduction no.,Unsure
Rwanda,1.2 (0.7 -- 1.8),1.2,1.2,0.4,0.7,1,1.1,1.3,1.4,1.8,,,,,,,,Effective reproduction no.,Unsure
South Africa,1.2 (1 -- 1.5),1.2,1.2,0.2,1,1.1,1.2,1.2,1.3,1.5,,,,,,,,Effective reproduction no.,Unsure
Sweden,1.2 (0.9 -- 1.7),1.2,1.2,0.2,0.9,1,1.1,1.2,1.3,1.7,,,,,,,,Effective reproduction no.,Likely increasing
Zimbabwe,1.2 (0.6 -- 2.1),1.2,1.3,0.5,0.6,1,1.2,1.3,1.5,2.1,,,,,,,,Effective reproduction no.,Unsure
Afghanistan,1.1 (0.8 -- 1.5),1.1,1.1,0.2,0.8,1,1.1,1.2,1.2,1.5,,,,,,,,Effective reproduction no.,Unsure
Australia,1.1 (0.6 -- 1.8),1.1,1.2,0.4,0.6,0.9,1.1,1.2,1.4,1.8,,,,,,,,Effective reproduction no.,Unsure
Bangladesh,1.1 (1 -- 1.2),1.1,1.1,0.1,1,1.1,1.1,1.1,1.1,1.2,,,,,,,,Effective reproduction no.,Unsure
Barbados,1.1 (0.7 -- 2.1),1.1,1.2,0.5,0.7,1,1,1.1,1.3,2.1,,,,,,,,Effective reproduction no.,Unsure
Belarus,1.1 (1 -- 1.3),1.1,1.1,0.1,1,1.1,1.1,1.2,1.2,1.3,,,,,,,,Effective reproduction no.,Increasing
Bolivia,1.1 (0.9 -- 1.4),1.1,1.1,0.2,0.9,1,1.1,1.1,1.2,1.4,,,,,,,,Effective reproduction no.,Unsure
Botswana,1.1 (0.7 -- 2.1),1.1,1.2,0.5,0.7,1,1.1,1.1,1.3,2.1,,,,,,,,Effective reproduction no.,Unsure
Brazil,1.1 (1 -- 1.3),1.1,1.1,0.1,1,1.1,1.1,1.1,1.2,1.3,,,,,,,,Effective reproduction no.,Unsure
Burundi,1.1 (0.9 -- 1.5),1.1,1.1,0.2,0.9,1,1.1,1.1,1.2,1.5,,,,,,,,Effective reproduction no.,Unsure
Congo - Brazzaville,1.1 (0.4 -- 2.8),1.1,1.3,0.8,0.4,0.8,1,1.3,1.5,2.8,,,,,,,,Effective reproduction no.,Unsure
Congo - Kinshasa,1.1 (0.9 -- 1.6),1.1,1.2,0.3,0.9,1,1.1,1.2,1.3,1.6,,,,,,,,Effective reproduction no.,Unsure
Cyprus,1.1 (0.8 -- 1.9),1.1,1.2,0.4,0.8,1,1,1.2,1.3,1.9,,,,,,,,Effective reproduction no.,Likely increasing
Dominican Republic,1.1 (0.9 -- 1.4),1.1,1.1,0.1,0.9,1,1.1,1.1,1.2,1.4,,,,,,,,Effective reproduction no.,Unsure
Equatorial Guinea,1.1 (0.6 -- 1.7),1.1,1.1,0.4,0.6,0.9,1,1.1,1.2,1.7,,,,,,,,Effective reproduction no.,Unsure
Eritrea,1.1 (0.8 -- 2.6),1.1,1.3,0.7,0.8,1,1.1,1.2,1.4,2.6,,,,,,,,Effective reproduction no.,Unsure
Eswatini,1.1 (0.9 -- 1.4),1.1,1.1,0.1,0.9,1,1.1,1.1,1.2,1.4,,,,,,,,Effective reproduction no.,Unsure
Georgia,1.1 (0.7 -- 1.6),1.1,1.1,0.3,0.7,0.9,1,1.1,1.2,1.6,,,,,,,,Effective reproduction no.,Likely increasing
Israel,1.1 (0.6 -- 1.7),1.1,1.1,0.3,0.6,0.9,1,1.1,1.3,1.7,,,,,,,,Effective reproduction no.,Unsure
Jamaica,1.1 (0.8 -- 1.4),1.1,1.1,0.2,0.8,1,1.1,1.1,1.2,1.4,,,,,,,,Effective reproduction no.,Unsure
Japan,1.1 (0.9 -- 1.3),1.1,1.1,0.1,0.9,1,1.1,1.2,1.2,1.3,,,,,,,,Effective reproduction no.,Unsure
Latvia,1.1 (0.8 -- 1.6),1.1,1.1,0.3,0.8,1,1.1,1.2,1.2,1.6,,,,,,,,Effective reproduction no.,Likely increasing
Liberia,1.1 (0.7 -- 1.5),1.1,1.1,0.3,0.7,1,1.1,1.1,1.2,1.5,,,,,,,,Effective reproduction no.,Unsure
Malaysia,1.1 (0.8 -- 1.9),1.1,1.2,0.4,0.8,1,1.1,1.2,1.3,1.9,,,,,,,,Effective reproduction no.,Likely increasing
Malta,1.1 (0.5 -- 2.1),1.1,1.2,0.5,0.5,0.8,1,1.2,1.4,2.1,,,,,,,,Effective reproduction no.,Unsure
Mexico,1.1 (0.9 -- 1.7),1.1,1.2,0.3,0.9,1,1.1,1.1,1.2,1.7,,,,,,,,Effective reproduction no.,Unsure
Moldova,1.1 (0.8 -- 1.3),1.1,1.1,0.2,0.8,1,1,1.1,1.2,1.3,,,,,,,,Effective reproduction no.,Unsure
Namibia,1.1 (0.9 -- 1.5),1.1,1.2,0.2,0.9,1,1.1,1.2,1.2,1.5,,,,,,,,Effective reproduction no.,Unsure
Pakistan,1.1 (0.9 -- 1.3),1.1,1.1,0.1,0.9,1,1.1,1.1,1.2,1.3,,,,,,,,Effective reproduction no.,Likely increasing
Panama,1.1 (0.9 -- 1.2),1.1,1.1,0.1,0.9,1,1.1,1.1,1.1,1.2,,,,,,,,Effective reproduction no.,Unsure
Papua New Guinea,1.1 (0.7 -- 3.2),1.1,1.4,1,0.7,0.9,1,1.2,1.5,3.2,,,,,,,,Effective reproduction no.,Unsure
Paraguay,1.1 (1 -- 1.3),1.1,1.1,0.1,1,1,1,1.1,1.2,1.3,,,,,,,,Effective reproduction no.,Unsure
Seychelles,1.1 (0.7 -- 2),1.1,1.2,0.5,0.7,1,1.1,1.2,1.3,2,,,,,,,,Effective reproduction no.,Unsure
Singapore,1.1 (0.8 -- 1.5),1.1,1.1,0.3,0.8,0.9,1,1.1,1.2,1.5,,,,,,,,Effective reproduction no.,Unsure
São Tomé & Príncipe,1.1 (0.7 -- 1.6),1.1,1.1,0.4,0.7,1,1,1.1,1.2,1.6,,,,,,,,Effective reproduction no.,Unsure
Taiwan,1.1 (0.8 -- 1.3),1.1,1.1,0.2,0.8,1,1,1.1,1.1,1.3,,,,,,,,Effective reproduction no.,Likely increasing
Ukraine,1.1 (1 -- 1.3),1.1,1.2,0.1,1,1.1,1.1,1.2,1.2,1.3,,,,,,,,Effective reproduction no.,Increasing
Uruguay,1.1 (0.9 -- 1.4),1.1,1.1,0.2,0.9,1.1,1.1,1.2,1.2,1.4,,,,,,,,Effective reproduction no.,Likely increasing
Albania,1 (0.6 -- 1.3),1,0.9,0.2,0.6,0.8,0.9,1,1.1,1.3,,,,,,,,Effective reproduction no.,Unsure
Algeria,1 (0.8 -- 1.4),1,1,0.2,0.8,0.9,1,1.1,1.2,1.4,,,,,,,,Effective reproduction no.,Unsure
Antigua & Barbuda,1 (0.5 -- 1.9),1,1.1,0.5,0.5,0.8,0.9,1.1,1.2,1.9,,,,,,,,Effective reproduction no.,Unsure
Armenia,1 (0.7 -- 1.5),1,1,0.3,0.7,0.8,0.9,1,1.1,1.5,,,,,,,,Effective reproduction no.,Unsure
Aruba,1 (0.7 -- 1.6),1,1.1,0.3,0.7,0.9,1,1.1,1.2,1.6,,,,,,,,Effective reproduction no.,Unsure
Barbados,1 (0 -- 12),1,4,20,0,1,1,2,3,12,,,,,,,,New confirmed cases by infection date,Unsure
Bhutan,1 (0 -- 3),1,1,3,0,0,0,1,1,3,,,,,,,,New confirmed cases by infection date,Unsure
Burkina Faso,1 (0.8 -- 1.5),1,1.1,0.2,0.8,0.9,1,1.1,1.2,1.5,,,,,,,,Effective reproduction no.,Unsure
Cambodia,1 (0.4 -- 1.3),1,0.9,0.3,0.4,0.8,0.9,1,1.1,1.3,,,,,,,,Effective reproduction no.,Unsure
Canada,1 (0.8 -- 1.2),1,1,0.1,0.8,1,1,1.1,1.1,1.2,,,,,,,,Effective reproduction no.,Likely increasing
Cape Verde,1 (0.9 -- 1.2),1,1,0.1,0.9,0.9,1,1,1.1,1.2,,,,,,,,Effective reproduction no.,Unsure
Cayman Islands,1 (0 -- 7),1,2,9,0,0,1,1,2,7,,,,,,,,New confirmed cases by infection date,Unsure
Cayman Islands,1 (0.5 -- 1.8),1,1.1,0.4,0.5,0.9,1,1.1,1.2,1.8,,,,,,,,Effective reproduction no.,Unsure
Central African Republic,1 (0 -- 14),1,4,29,0,0,0,1,3,14,,,,,,,,New confirmed cases by infection date,Unsure
Chad,1 (0.7 -- 1.3),1,1,0.2,0.7,0.9,0.9,1,1,1.3,,,,,,,,Effective reproduction no.,Unsure
Chile,1 (0.9 -- 1.1),1,1,0,0.9,1,1,1,1,1.1,,,,,,,,Effective reproduction no.,Likely decreasing
Colombia,1 (0.9 -- 1.3),1,1,0.1,0.9,0.9,1,1,1.1,1.3,,,,,,,,Effective reproduction no.,Unsure
Comoros,1 (0.5 -- 2),1,1.1,0.6,0.5,0.8,1,1.1,1.2,2,,,,,,,,Effective reproduction no.,Unsure
Costa Rica,1 (0.9 -- 1.2),1,1,0.1,0.9,1,1,1,1,1.2,,,,,,,,Effective reproduction no.,Unsure
Cuba,1 (0.8 -- 2.1),1,1.2,0.5,0.8,1,1,1.1,1.3,2.1,,,,,,,,Effective reproduction no.,Unsure
Denmark,1 (0.6 -- 1.8),1,1.1,0.4,0.6,0.8,1,1.1,1.3,1.8,,,,,,,,Effective reproduction no.,Unsure
Ecuador,1 (0.8 -- 1.2),1,1,0.1,0.8,0.9,1,1,1,1.2,,,,,,,,Effective reproduction no.,Unsure
El Salvador,1 (0.8 -- 1.1),1,1,0.1,0.8,0.9,1,1,1,1.1,,,,,,,,Effective reproduction no.,Unsure
Ethiopia,1 (0.7 -- 1.3),1,1,0.2,0.7,0.8,0.9,1,1.1,1.3,,,,,,,,Effective reproduction no.,Unsure
Gambia,1 (0.6 -- 1.7),1,1.1,0.4,0.6,0.9,1,1.1,1.3,1.7,,,,,,,,Effective reproduction no.,Unsure
Germany,1 (0.8 -- 1.2),1,1,0.1,0.8,0.9,0.9,1,1,1.2,,,,,,,,Effective reproduction no.,Unsure
Ghana,1 (0.5 -- 1.5),1,1,0.3,0.5,0.8,0.9,1.1,1.2,1.5,,,,,,,,Effective reproduction no.,Unsure
Guam,1 (0.7 -- 1.3),1,1,0.2,0.7,0.9,1,1.1,1.1,1.3,,,,,,,,Effective reproduction no.,Unsure
Guatemala,1 (0.9 -- 1.1),1,1,0.1,0.9,1,1,1,1,1.1,,,,,,,,Effective reproduction no.,Likely decreasing
Guinea,1 (0.6 -- 2.3),1,1.2,0.6,0.6,0.9,0.9,1,1.3,2.3,,,,,,,,Effective reproduction no.,Unsure
Guyana,1 (0.8 -- 1.3),1,1,0.2,0.8,1,1,1,1.1,1.3,,,,,,,,Effective reproduction no.,Unsure
Honduras,1 (0.8 -- 1.6),1,1.1,0.3,0.8,0.9,1,1.1,1.2,1.6,,,,,,,,Effective reproduction no.,Unsure
Indonesia,1 (0.8 -- 1.2),1,1,0.1,0.8,0.9,1,1,1.1,1.2,,,,,,,,Effective reproduction no.,Unsure
Iran,1 (0.8 -- 1.1),1,1,0.1,0.8,1,1,1,1.1,1.1,,,,,,,,Effective reproduction no.,Likely increasing
Isle of Man,1 (0.6 -- 1.4),1,1,0.3,0.6,0.9,1,1.1,1.1,1.4,,,,,,,,Effective reproduction no.,Unsure
Kazakhstan,1 (0.8 -- 1.3),1,1,0.2,0.8,0.9,1,1.1,1.1,1.3,,,,,,,,Effective reproduction no.,Unsure
Lithuania,1 (0.7 -- 1.3),1,1,0.2,0.7,0.9,0.9,1,1.1,1.3,,,,,,,,Effective reproduction no.,Likely increasing
Malawi,1 (0.8 -- 1.4),1,1,0.2,0.8,0.9,1,1,1.1,1.4,,,,,,,,Effective reproduction no.,Unsure
Mauritius,1 (0 -- 10),1,4,28,0,0,1,2,3,10,,,,,,,,New confirmed cases by infection date,Unsure
Morocco,1 (0.9 -- 1.1),1,1,0.1,0.9,1,1,1.1,1.1,1.1,,,,,,,,Effective reproduction no.,Likely increasing
Mozambique,1 (0.6 -- 1.4),1,1,0.2,0.6,0.9,0.9,1,1.1,1.4,,,,,,,,Effective reproduction no.,Unsure
Nepal,1 (0.7 -- 2),1,1.1,0.4,0.7,0.9,1,1.1,1.3,2,,,,,,,,Effective reproduction no.,Unsure
Netherlands,1 (0.7 -- 1.3),1,1,0.2,0.7,0.9,1,1.1,1.2,1.3,,,,,,,,Effective reproduction no.,Unsure
New Zealand,1 (0.8 -- 1.8),1,1.1,0.4,0.8,0.9,1,1.1,1.2,1.8,,,,,,,,Effective reproduction no.,Unsure
Nigeria,1 (0.8 -- 1.1),1,1,0.1,0.8,1,1,1,1.1,1.1,,,,,,,,Effective reproduction no.,Unsure
North Macedonia,1 (0.8 -- 1.2),1,1,0.2,0.8,0.9,1,1.1,1.1,1.2,,,,,,,,Effective reproduction no.,Likely increasing
Papua New Guinea,1 (0 -- 33),1,9,72,0,0,0,1,3,33,,,,,,,,New confirmed cases by infection date,Unsure
Philippines,1 (0.9 -- 1.1),1,1,0.1,0.9,0.9,0.9,1,1,1.1,,,,,,,,Effective reproduction no.,Likely decreasing
Puerto Rico,1 (0.9 -- 1.3),1,1.1,0.1,0.9,1,1,1.1,1.1,1.3,,,,,,,,Effective reproduction no.,Unsure
San Marino,1 (0.4 -- 1.5),1,1,0.4,0.4,0.8,0.9,1.1,1.2,1.5,,,,,,,,Effective reproduction no.,Unsure
Senegal,1 (0.8 -- 1.4),1,1.1,0.2,0.8,0.9,1,1.1,1.1,1.4,,,,,,,,Effective reproduction no.,Unsure
Sierra Leone,1 (0 -- 3),1,1,1,0,0,0,1,1,3,,,,,,,,New confirmed cases by infection date,Likely decreasing
Sint Maarten,1 (0.8 -- 1.4),1,1.1,0.2,0.8,1,1,1.1,1.1,1.4,,,,,,,,Effective reproduction no.,Unsure
Somalia,1 (0.5 -- 1.4),1,1,0.3,0.5,0.8,0.9,1,1.1,1.4,,,,,,,,Effective reproduction no.,Unsure
Suriname,1 (0 -- 6),1,2,3,0,1,1,2,2,6,,,,,,,,New confirmed cases by infection date,Likely decreasing
Syria,1 (0.7 -- 1.3),1,1,0.2,0.7,0.9,1,1,1.1,1.3,,,,,,,,Effective reproduction no.,Unsure
Tajikistan,1 (1 -- 1),1,1,0,1,1,1,1,1,1,,,,,,,,Effective reproduction no.,Unsure
Thailand,1 (0.8 -- 1.2),1,1,0.1,0.8,0.9,1,1,1,1.2,,,,,,,,Effective reproduction no.,Unsure
Togo,1 (0.8 -- 1.1),1,1,0.1,0.8,0.9,1,1,1,1.1,,,,,,,,Effective reproduction no.,Unsure
United Arab Emirates,1 (1 -- 1.2),1,1.1,0.1,1,1,1,1.1,1.1,1.2,,,,,,,,Effective reproduction no.,Unsure
United States,1 (0.9 -- 1.2),1,1,0.1,0.9,1,1,1.1,1.1,1.2,,,,,,,,Effective reproduction no.,Likely increasing
Uzbekistan,1 (0.7 -- 1.3),1,1,0.2,0.7,0.9,1,1,1.1,1.3,,,,,,,,Effective reproduction no.,Unsure
Venezuela,1 (0.7 -- 1.1),1,1,0.1,0.7,0.9,1,1,1,1.1,,,,,,,,Effective reproduction no.,Likely decreasing
Vietnam,1 (0.5 -- 1.2),1,1,0.2,0.5,0.9,1,1.1,1.1,1.2,,,,,,,,Effective reproduction no.,Unsure
Andorra,0.9 (0.5 -- 1.9),0.9,1,0.4,0.5,0.7,0.8,0.9,1.1,1.9,,,,,,,,Effective reproduction no.,Unsure
Angola,0.9 (0.8 -- 1.4),0.9,1,0.2,0.8,0.9,0.9,1,1.1,1.4,,,,,,,,Effective reproduction no.,Unsure
Argentina,0.9 (0.7 -- 1),0.9,0.9,0.1,0.7,0.8,0.9,0.9,0.9,1,,,,,,,,Effective reproduction no.,Unsure
Bahrain,0.9 (0.8 -- 1),0.9,0.9,0.1,0.8,0.9,0.9,0.9,0.9,1,,,,,,,,Effective reproduction no.,Decreasing
Belgium,0.9 (0.5 -- 1.4),0.9,0.9,0.3,0.5,0.7,0.8,0.9,1,1.4,,,,,,,,Effective reproduction no.,Unsure
Belize,0.9 (0.5 -- 1.3),0.9,0.9,0.3,0.5,0.8,0.9,1,1,1.3,,,,,,,,Effective reproduction no.,Unsure
Bhutan,0.9 (0.6 -- 1.3),0.9,1,0.2,0.6,0.8,0.9,1,1,1.3,,,,,,,,Effective reproduction no.,Unsure
Bulgaria,0.9 (0.7 -- 1.3),0.9,1,0.2,0.7,0.8,0.9,1,1.1,1.3,,,,,,,,Effective reproduction no.,Unsure
Côte d’Ivoire,0.9 (0.6 -- 1.2),0.9,0.9,0.2,0.6,0.9,0.9,1,1,1.2,,,,,,,,Effective reproduction no.,Likely decreasing
Estonia,0.9 (0.5 -- 1.5),0.9,1,0.3,0.5,0.8,0.9,1,1.1,1.5,,,,,,,,Effective reproduction no.,Unsure
Faroe Islands,0.9 (0.3 -- 2.1),0.9,1,0.7,0.3,0.6,0.8,0.9,1.1,2.1,,,,,,,,Effective reproduction no.,Unsure
Gibraltar,0.9 (0.5 -- 1.4),0.9,1,0.4,0.5,0.8,0.9,1,1.1,1.4,,,,,,,,Effective reproduction no.,Unsure
Haiti,0.9 (0.6 -- 1.2),0.9,0.9,0.2,0.6,0.9,0.9,0.9,1,1.2,,,,,,,,Effective reproduction no.,Likely decreasing
Iraq,0.9 (0.7 -- 1.8),0.9,1.1,0.4,0.7,0.8,0.9,1,1.7,1.8,,,,,,,,Effective reproduction no.,Unsure
Jersey,0.9 (0.4 -- 1.2),0.9,0.9,0.2,0.4,0.7,0.9,1,1.1,1.2,,,,,,,,Effective reproduction no.,Unsure
Jordan,0.9 (0.7 -- 1.2),0.9,0.9,0.2,0.7,0.8,0.9,1,1,1.2,,,,,,,,Effective reproduction no.,Unsure
Kenya,0.9 (0.6 -- 1.1),0.9,0.9,0.2,0.6,0.8,0.8,0.9,1,1.1,,,,,,,,Effective reproduction no.,Unsure
Kyrgyzstan,0.9 (0.7 -- 1.2),0.9,0.9,0.2,0.7,0.8,0.9,1,1,1.2,,,,,,,,Effective reproduction no.,Unsure
Lebanon,0.9 (0.7 -- 1.1),0.9,0.9,0.1,0.7,0.8,0.9,0.9,1,1.1,,,,,,,,Effective reproduction no.,Unsure
Lesotho,0.9 (0.6 -- 1.6),0.9,1,0.4,0.6,0.9,0.9,1,1.1,1.6,,,,,,,,Effective reproduction no.,Unsure
Libya,0.9 (0.8 -- 1.1),0.9,0.9,0.1,0.8,0.9,0.9,1,1,1.1,,,,,,,,Effective reproduction no.,Unsure
Liechtenstein,0.9 (0.5 -- 1.8),0.9,1,0.4,0.5,0.7,0.9,1,1.2,1.8,,,,,,,,Effective reproduction no.,Unsure
Luxembourg,0.9 (0.5 -- 1.5),0.9,0.9,0.3,0.5,0.7,0.8,0.9,1.1,1.5,,,,,,,,Effective reproduction no.,Unsure
Madagascar,0.9 (0.6 -- 1.6),0.9,1,0.4,0.6,0.8,0.9,0.9,1,1.6,,,,,,,,Effective reproduction no.,Likely decreasing
Mauritius,0.9 (0.3 -- 1.3),0.9,0.9,0.4,0.3,0.7,0.9,1,1.1,1.3,,,,,,,,Effective reproduction no.,Unsure
Montenegro,0.9 (0.5 -- 1.5),0.9,0.9,0.3,0.5,0.7,0.8,0.9,1.1,1.5,,,,,,,,Effective reproduction no.,Unsure
Northern Mariana Islands,0.9 (0.3 -- 1.3),0.9,0.9,0.3,0.3,0.7,0.8,0.9,1,1.3,,,,,,,,Effective reproduction no.,Unsure
Norway,0.9 (0.6 -- 1.2),0.9,0.9,0.2,0.6,0.8,0.8,0.9,1,1.2,,,,,,,,Effective reproduction no.,Unsure
Oman,0.9 (0.7 -- 1.2),0.9,0.9,0.2,0.7,0.8,0.9,1,1,1.2,,,,,,,,Effective reproduction no.,Unsure
Peru,0.9 (0.8 -- 1.1),0.9,0.9,0.1,0.8,0.9,0.9,0.9,1,1.1,,,,,,,,Effective reproduction no.,Likely decreasing
Portugal,0.9 (0.7 -- 1.1),0.9,0.9,0.1,0.7,0.8,0.9,0.9,1,1.1,,,,,,,,Effective reproduction no.,Unsure
Qatar,0.9 (0.6 -- 1),0.9,0.9,0.1,0.6,0.9,0.9,1,1,1,,,,,,,,Effective reproduction no.,Unsure
Romania,0.9 (0.7 -- 1.2),0.9,0.9,0.2,0.7,0.8,0.9,0.9,1,1.2,,,,,,,,Effective reproduction no.,Unsure
Russia,0.9 (0.7 -- 1.1),0.9,0.9,0.1,0.7,0.8,0.9,0.9,1,1.1,,,,,,,,Effective reproduction no.,Unsure
Sierra Leone,0.9 (0.6 -- 1.3),0.9,0.9,0.2,0.6,0.8,0.9,0.9,1,1.3,,,,,,,,Effective reproduction no.,Likely decreasing
Slovenia,0.9 (0.5 -- 1.4),0.9,0.9,0.3,0.5,0.8,0.9,1,1.1,1.4,,,,,,,,Effective reproduction no.,Unsure
South Sudan,0.9 (0.5 -- 1.3),0.9,0.9,0.2,0.5,0.8,0.9,1,1,1.3,,,,,,,,Effective reproduction no.,Unsure
Spain,0.9 (0.6 -- 1.1),0.9,0.9,0.2,0.6,0.8,0.9,1,1,1.1,,,,,,,,Effective reproduction no.,Unsure
St. Lucia,0.9 (0.3 -- 1.9),0.9,0.9,0.5,0.3,0.6,0.8,1,1.1,1.9,,,,,,,,Effective reproduction no.,Unsure
St. Vincent & Grenadines,0.9 (0.2 -- 1.8),0.9,0.9,0.6,0.2,0.6,0.8,1,1.1,1.8,,,,,,,,Effective reproduction no.,Unsure
Suriname,0.9 (0.5 -- 1.4),0.9,0.9,0.3,0.5,0.8,0.9,0.9,1,1.4,,,,,,,,Effective reproduction no.,Likely decreasing
Tunisia,0.9 (0.7 -- 1.2),0.9,0.9,0.2,0.7,0.8,0.9,0.9,1,1.2,,,,,,,,Effective reproduction no.,Unsure
Uganda,0.9 (0.6 -- 1.3),0.9,0.9,0.2,0.6,0.8,0.9,1,1.1,1.3,,,,,,,,Effective reproduction no.,Unsure
Zambia,0.9 (0.7 -- 1.1),0.9,0.9,0.1,0.7,0.9,0.9,0.9,1,1.1,,,,,,,,Effective reproduction no.,Likely decreasing
Bosnia & Herzegovina,0.8 (0.5 -- 1.2),0.8,0.8,0.2,0.5,0.7,0.7,0.8,0.9,1.2,,,,,,,,Effective reproduction no.,Unsure
Central African Republic,0.8 (0.1 -- 1.6),0.8,0.8,0.5,0.1,0.5,0.7,0.9,1.1,1.6,,,,,,,,Effective reproduction no.,Unsure
China,0.8 (0.6 -- 1.2),0.8,0.9,0.2,0.6,0.8,0.8,0.9,0.9,1.2,,,,,,,,Effective reproduction no.,Unsure
French Polynesia,0.8 (0.4 -- 1.3),0.8,0.9,0.3,0.4,0.6,0.8,0.9,1,1.3,,,,,,,,Effective reproduction no.,Unsure
Greece,0.8 (0.6 -- 1),0.8,0.8,0.1,0.6,0.7,0.7,0.8,0.9,1,,,,,,,,Effective reproduction no.,Unsure
Hungary,0.8 (0.6 -- 1.1),0.8,0.8,0.2,0.6,0.7,0.8,0.9,0.9,1.1,,,,,,,,Effective reproduction no.,Unsure
Iceland,0.8 (0.1 -- 3.3),0.8,1.2,1.1,0.1,0.4,0.7,1.1,1.5,3.3,,,,,,,,Effective reproduction no.,Unsure
Ireland,0.8 (0.4 -- 1.2),0.8,0.8,0.3,0.4,0.6,0.7,0.8,0.9,1.2,,,,,,,,Effective reproduction no.,Unsure
Italy,0.8 (0.6 -- 0.9),0.8,0.8,0.1,0.6,0.7,0.7,0.8,0.8,0.9,,,,,,,,Effective reproduction no.,Unsure
Kosovo,0.8 (0.6 -- 1.1),0.8,0.8,0.2,0.6,0.7,0.8,0.9,0.9,1.1,,,,,,,,Effective reproduction no.,Unsure
Slovakia,0.8 (0.6 -- 1.2),0.8,0.8,0.2,0.6,0.7,0.8,0.9,0.9,1.2,,,,,,,,Effective reproduction no.,Unsure
Sri Lanka,0.8 (0.3 -- 1.8),0.8,0.9,0.6,0.3,0.6,0.7,0.9,1.1,1.8,,,,,,,,Effective reproduction no.,Unsure
Switzerland,0.8 (0.5 -- 1.4),0.8,0.9,0.3,0.5,0.7,0.8,0.9,1,1.4,,,,,,,,Effective reproduction no.,Unsure
United Kingdom,0.8 (0.5 -- 1),0.8,0.7,0.1,0.5,0.6,0.7,0.8,0.8,1,,,,,,,,Effective reproduction no.,Unsure
Austria,0.7 (0.5 -- 1),0.7,0.7,0.2,0.5,0.6,0.7,0.8,0.8,1,,,,,,,,Effective reproduction no.,Unsure
Bahamas,0.7 (0.4 -- 1.1),0.7,0.7,0.2,0.4,0.6,0.7,0.8,0.8,1.1,,,,,,,,Effective reproduction no.,Unsure
Kuwait,0.7 (0.5 -- 0.9),0.7,0.7,0.1,0.5,0.6,0.6,0.7,0.8,0.9,,,,,,,,Effective reproduction no.,Unsure
Saudi Arabia,0.7 (0.6 -- 0.9),0.7,0.8,0.1,0.6,0.7,0.7,0.8,0.8,0.9,,,,,,,,Effective reproduction no.,Likely decreasing
Djibouti,0.6 (0.2 -- 1.5),0.6,0.7,0.5,0.2,0.4,0.5,0.7,0.9,1.5,,,,,,,,Effective reproduction no.,Unsure
Benin,0.5 (0.1 -- 1.1),0.5,0.6,0.4,0.1,0.3,0.4,0.6,0.8,1.1,,,,,,,,Effective reproduction no.,Unsure
France,0.5 (0.3 -- 0.7),0.5,0.5,0.1,0.3,0.4,0.4,0.5,0.6,0.7,,,,,,,,Effective reproduction no.,Unsure
Monaco,0.4 (0.1 -- 0.9),0.4,0.4,0.3,0.1,0.2,0.3,0.4,0.6,0.9,,,,,,,,Effective reproduction no.,Unsure
Guernsey,0.3 (0 -- 1.2),0.3,0.4,0.6,0,0.1,0.2,0.4,0.6,1.2,,,,,,,,Effective reproduction no.,Unsure
Antigua & Barbuda,0 (0 -- 6),0,2,13,0,0,0,0,1,6,,,,,,,,New confirmed cases by infection date,Unsure
Benin,0 (0 -- 10),0,2,8,0,0,0,0,2,10,,,,,,,,New confirmed cases by infection date,Unsure
Cambodia,0 (0 -- 2),0,0,1,0,0,0,0,0,2,,,,,,,,New confirmed cases by infection date,Unsure
Djibouti,0 (0 -- 6),0,1,12,0,0,0,0,1,6,,,,,,,,New confirmed cases by infection date,Unsure
Faroe Islands,0 (0 -- 2),0,0,5,0,0,0,0,0,2,,,,,,,,New confirmed cases by infection date,Unsure
Guernsey,0 (0 -- 0),0,0,0,0,0,0,0,0,0,,,,,,,,New confirmed cases by infection date,Unsure
Isle of Man,0 (0 -- 3),0,1,2,0,0,0,1,1,3,,,,,,,,New confirmed cases by infection date,Unsure
Monaco,0 (0 -- 2),0,0,1,0,0,0,0,0,2,,,,,,,,New confirmed cases by infection date,Unsure
Northern Mariana Islands,0 (0 -- 1),0,0,1,0,0,0,0,0,1,,,,,,,,New confirmed cases by infection date,Unsure
Seychelles,0 (0 -- 7),0,3,23,0,0,0,1,1,7,,,,,,,,New confirmed cases by infection date,Unsure
St. Vincent & Grenadines,0 (0 -- 3),0,1,9,0,0,0,0,0,3,,,,,,,,New confirmed cases by infection date,Unsure
