region,date,type,median,lower_90,upper_90,lower_50,upper_50
Abruzzo,2020-06-23,estimate,2,2,3,2,3
Abruzzo,2020-06-24,estimate,3,2,3,2,3
Abruzzo,2020-06-25,estimate,3,2,3,2,3
Abruzzo,2020-06-26,estimate,3,2,3,3,3
Abruzzo,2020-06-27,estimate,3,2,4,3,3
Abruzzo,2020-06-28,estimate,3,2,4,3,3
Abruzzo,2020-06-29,estimate,3,2,4,3,3
Abruzzo,2020-06-30,estimate,3,2,4,3,4
Abruzzo,2020-07-01,estimate,3,3,4,3,4
Abruzzo,2020-07-02,estimate,4,3,4,3,4
Abruzzo,2020-07-03,estimate,4,3,5,3,4
Abruzzo,2020-07-04,estimate,4,3,5,3,4
Abruzzo,2020-07-05,estimate,4,3,5,4,4
Abruzzo,2020-07-06,estimate,4,3,5,4,5
Abruzzo,2020-07-07,estimate,4,3,5,4,5
Abruzzo,2020-07-08,estimate,5,3,6,4,5
Abruzzo,2020-07-09,estimate,5,3,6,4,5
Abruzzo,2020-07-10,estimate,5,3,6,4,5
Abruzzo,2020-07-11,estimate,5,4,6,5,6
Abruzzo,2020-07-12,estimate,5,4,7,5,6
Abruzzo,2020-07-13,estimate,6,4,7,5,6
Abruzzo,2020-07-14,estimate,6,4,7,5,6
Abruzzo,2020-07-15,estimate,6,4,8,5,7
Abruzzo,2020-07-16,estimate,6,4,8,6,7
Abruzzo,2020-07-17,estimate,7,5,8,6,7
Abruzzo,2020-07-18,estimate,7,5,9,6,8
Abruzzo,2020-07-19,estimate,7,5,9,7,8
Abruzzo,2020-07-20,estimate,8,6,10,7,8
Abruzzo,2020-07-21,estimate,8,6,10,7,9
Abruzzo,2020-07-22,estimate,8,6,10,7,9
Abruzzo,2020-07-23,estimate,9,7,11,8,9
Abruzzo,2020-07-24,estimate,9,7,12,8,10
Abruzzo,2020-07-25,estimate,10,7,12,9,10
Abruzzo,2020-07-26,estimate,10,8,13,9,11
Abruzzo,2020-07-27,estimate,11,8,13,9,11
Abruzzo,2020-07-28,estimate,11,8,14,10,12
Abruzzo,2020-07-29,estimate,11,8,15,10,12
Abruzzo,2020-07-30,estimate,12,9,15,11,13
Abruzzo,2020-07-31,estimate,12,9,16,11,13
Abruzzo,2020-08-01,estimate,13,10,17,11,14
Abruzzo,2020-08-02,estimate,14,10,18,12,14
Abruzzo,2020-08-03,estimate,14,11,18,12,15
Abruzzo,2020-08-04,estimate,15,11,19,13,16
Abruzzo,2020-08-05,estimate,15,12,20,13,16
Abruzzo,2020-08-06,estimate,16,12,20,14,17
Abruzzo,2020-08-07,estimate,16,12,21,14,18
Abruzzo,2020-08-08,estimate,17,13,22,15,18
Abruzzo,2020-08-09,estimate,17,13,22,15,19
Abruzzo,2020-08-10,estimate,18,14,23,16,20
Abruzzo,2020-08-11,estimate,19,14,24,17,20
Abruzzo,2020-08-12,estimate,19,15,25,17,21
Abruzzo,2020-08-13,estimate,20,15,26,17,22
Abruzzo,2020-08-14,estimate,21,16,27,18,22
Abruzzo,2020-08-15,estimate,21,16,28,19,23
Abruzzo,2020-08-16,estimate,22,16,29,19,24
Abruzzo,2020-08-17,estimate,23,17,30,20,25
Abruzzo,2020-08-18,estimate,24,17,31,20,26
Abruzzo,2020-08-19,estimate based on partial data,25,17,33,21,27
Abruzzo,2020-08-20,estimate based on partial data,26,17,34,21,28
Abruzzo,2020-08-21,estimate based on partial data,26,17,36,22,29
Abruzzo,2020-08-22,estimate based on partial data,27,18,39,24,32
Abruzzo,2020-08-23,estimate based on partial data,29,17,40,24,33
Abruzzo,2020-08-24,estimate based on partial data,30,18,43,24,34
Abruzzo,2020-08-25,estimate based on partial data,31,17,45,25,35
Abruzzo,2020-08-26,estimate based on partial data,32,18,48,26,37
Abruzzo,2020-08-27,estimate based on partial data,33,17,51,26,39
Abruzzo,2020-08-28,estimate based on partial data,34,17,54,27,41
Abruzzo,2020-08-29,estimate based on partial data,36,16,56,26,41
Abruzzo,2020-08-30,estimate based on partial data,37,16,60,29,45
Abruzzo,2020-08-31,estimate based on partial data,39,15,64,28,46
Abruzzo,2020-09-01,forecast,40,14,68,29,49
Abruzzo,2020-09-02,forecast,42,14,72,30,51
Abruzzo,2020-09-03,forecast,43,11,75,31,53
Abruzzo,2020-09-04,forecast,45,10,79,31,55
Abruzzo,2020-09-05,forecast,47,13,87,30,56
Abruzzo,2020-09-06,forecast,48,9,89,32,60
Abruzzo,2020-09-07,forecast,50,8,95,32,62
Abruzzo,2020-09-08,forecast,52,7,100,32,64
Abruzzo,2020-09-09,forecast,54,7,106,33,67
Abruzzo,2020-09-10,forecast,56,6,111,33,70
Abruzzo,2020-09-11,forecast,59,3,117,35,75
Abruzzo,2020-09-12,forecast,61,3,125,36,78
Abruzzo,2020-09-13,forecast,63,1,131,34,80
Abruzzo,2020-09-14,forecast,65,3,142,35,83
Basilicata,2020-06-23,estimate,0,0,1,0,0
Basilicata,2020-06-24,estimate,0,0,1,0,0
Basilicata,2020-06-25,estimate,0,0,1,0,0
Basilicata,2020-06-26,estimate,0,0,1,0,0
Basilicata,2020-06-27,estimate,0,0,1,0,1
Basilicata,2020-06-28,estimate,0,0,1,0,1
Basilicata,2020-06-29,estimate,1,0,1,0,1
Basilicata,2020-06-30,estimate,1,0,1,0,1
Basilicata,2020-07-01,estimate,1,0,1,0,1
Basilicata,2020-07-02,estimate,1,0,1,0,1
Basilicata,2020-07-03,estimate,1,0,2,0,1
Basilicata,2020-07-04,estimate,1,0,2,0,1
Basilicata,2020-07-05,estimate,1,0,2,1,1
Basilicata,2020-07-06,estimate,1,0,2,1,1
Basilicata,2020-07-07,estimate,1,0,2,1,1
Basilicata,2020-07-08,estimate,1,1,3,1,1
Basilicata,2020-07-09,estimate,1,1,3,1,2
Basilicata,2020-07-10,estimate,2,1,3,1,2
Basilicata,2020-07-11,estimate,2,1,3,1,2
Basilicata,2020-07-12,estimate,2,1,3,1,2
Basilicata,2020-07-13,estimate,2,1,4,1,2
Basilicata,2020-07-14,estimate,2,1,4,1,2
Basilicata,2020-07-15,estimate,2,1,4,1,3
Basilicata,2020-07-16,estimate,2,1,4,2,3
Basilicata,2020-07-17,estimate,3,1,5,2,3
Basilicata,2020-07-18,estimate,3,1,5,2,3
Basilicata,2020-07-19,estimate,3,1,5,2,3
Basilicata,2020-07-20,estimate,3,1,5,2,3
Basilicata,2020-07-21,estimate,3,1,5,2,3
Basilicata,2020-07-22,estimate,3,1,6,2,4
Basilicata,2020-07-23,estimate,3,1,6,2,4
Basilicata,2020-07-24,estimate,3,1,6,2,4
Basilicata,2020-07-25,estimate,3,1,6,2,4
Basilicata,2020-07-26,estimate,4,1,6,2,4
Basilicata,2020-07-27,estimate,4,2,6,2,4
Basilicata,2020-07-28,estimate,4,1,6,2,4
Basilicata,2020-07-29,estimate,4,2,7,2,4
Basilicata,2020-07-30,estimate,4,1,7,3,4
Basilicata,2020-07-31,estimate,4,2,7,3,4
Basilicata,2020-08-01,estimate,4,2,7,3,5
Basilicata,2020-08-02,estimate,4,2,7,3,5
Basilicata,2020-08-03,estimate,4,2,7,3,5
Basilicata,2020-08-04,estimate,4,2,8,3,5
Basilicata,2020-08-05,estimate,4,2,8,3,5
Basilicata,2020-08-06,estimate,4,2,8,3,5
Basilicata,2020-08-07,estimate,4,1,8,3,5
Basilicata,2020-08-08,estimate,5,2,9,3,5
Basilicata,2020-08-09,estimate,5,2,9,3,5
Basilicata,2020-08-10,estimate,5,2,9,3,6
Basilicata,2020-08-11,estimate,5,2,9,3,6
Basilicata,2020-08-12,estimate,5,2,9,3,6
Basilicata,2020-08-13,estimate,5,2,10,3,6
Basilicata,2020-08-14,estimate,5,1,10,3,6
Basilicata,2020-08-15,estimate,5,2,11,3,6
Basilicata,2020-08-16,estimate,6,2,12,3,6
Basilicata,2020-08-17,estimate,6,2,12,3,6
Basilicata,2020-08-18,estimate,6,2,13,2,6
Basilicata,2020-08-19,estimate based on partial data,6,1,13,3,7
Basilicata,2020-08-20,estimate based on partial data,6,1,14,3,7
Basilicata,2020-08-21,estimate based on partial data,6,1,15,3,7
Basilicata,2020-08-22,estimate based on partial data,6,1,16,2,7
Basilicata,2020-08-23,estimate based on partial data,7,0,16,2,7
Basilicata,2020-08-24,estimate based on partial data,7,1,18,2,8
Basilicata,2020-08-25,estimate based on partial data,7,1,19,1,7
Basilicata,2020-08-26,estimate based on partial data,7,0,20,1,7
Basilicata,2020-08-27,estimate based on partial data,7,0,23,1,7
Basilicata,2020-08-28,estimate based on partial data,7,0,25,1,8
Basilicata,2020-08-29,estimate based on partial data,8,0,28,1,8
Basilicata,2020-08-30,estimate based on partial data,8,0,31,1,8
Basilicata,2020-08-31,estimate based on partial data,8,0,35,1,9
Basilicata,2020-09-01,forecast,8,0,39,0,8
Basilicata,2020-09-02,forecast,8,0,44,0,8
Basilicata,2020-09-03,forecast,8,0,48,0,8
Basilicata,2020-09-04,forecast,8,0,53,0,8
Basilicata,2020-09-05,forecast,9,0,60,0,9
Basilicata,2020-09-06,forecast,9,0,66,0,9
Basilicata,2020-09-07,forecast,9,0,73,0,9
Basilicata,2020-09-08,forecast,9,0,80,0,9
Basilicata,2020-09-09,forecast,9,0,88,0,9
Basilicata,2020-09-10,forecast,10,0,101,0,10
Basilicata,2020-09-11,forecast,10,0,111,0,10
Basilicata,2020-09-12,forecast,10,0,123,0,10
Basilicata,2020-09-13,forecast,10,0,138,0,10
Basilicata,2020-09-14,forecast,10,0,157,0,10
Calabria,2020-06-25,estimate,2,2,3,2,3
Calabria,2020-06-26,estimate,2,2,3,2,3
Calabria,2020-06-27,estimate,2,2,3,2,3
Calabria,2020-06-28,estimate,3,2,3,2,3
Calabria,2020-06-29,estimate,3,2,3,2,3
Calabria,2020-06-30,estimate,3,2,3,2,3
Calabria,2020-07-01,estimate,3,2,4,3,3
Calabria,2020-07-02,estimate,3,2,4,3,3
Calabria,2020-07-03,estimate,3,2,4,3,3
Calabria,2020-07-04,estimate,3,2,4,3,3
Calabria,2020-07-05,estimate,3,2,4,3,4
Calabria,2020-07-06,estimate,3,2,4,3,4
Calabria,2020-07-07,estimate,3,2,5,3,4
Calabria,2020-07-08,estimate,4,3,5,3,4
Calabria,2020-07-09,estimate,4,3,5,3,4
Calabria,2020-07-10,estimate,4,3,5,3,4
Calabria,2020-07-11,estimate,4,3,5,3,4
Calabria,2020-07-12,estimate,4,3,5,4,4
Calabria,2020-07-13,estimate,4,3,5,4,5
Calabria,2020-07-14,estimate,4,3,6,4,5
Calabria,2020-07-15,estimate,4,3,6,4,5
Calabria,2020-07-16,estimate,5,3,6,4,5
Calabria,2020-07-17,estimate,5,3,6,4,5
Calabria,2020-07-18,estimate,5,3,7,4,5
Calabria,2020-07-19,estimate,5,3,7,4,6
Calabria,2020-07-20,estimate,5,4,7,5,6
Calabria,2020-07-21,estimate,5,4,7,5,6
Calabria,2020-07-22,estimate,6,4,7,5,6
Calabria,2020-07-23,estimate,6,4,8,5,7
Calabria,2020-07-24,estimate,6,4,8,5,7
Calabria,2020-07-25,estimate,6,4,8,5,7
Calabria,2020-07-26,estimate,6,4,8,6,7
Calabria,2020-07-27,estimate,7,4,9,6,8
Calabria,2020-07-28,estimate,7,4,9,6,8
Calabria,2020-07-29,estimate,7,4,9,6,8
Calabria,2020-07-30,estimate,7,5,10,6,9
Calabria,2020-07-31,estimate,8,5,10,7,9
Calabria,2020-08-01,estimate,8,5,11,7,9
Calabria,2020-08-02,estimate,8,5,11,7,9
Calabria,2020-08-03,estimate,9,6,12,7,10
Calabria,2020-08-04,estimate,9,6,12,8,10
Calabria,2020-08-05,estimate,9,6,13,8,10
Calabria,2020-08-06,estimate,10,6,13,8,11
Calabria,2020-08-07,estimate,10,7,14,9,12
Calabria,2020-08-08,estimate,11,7,15,9,12
Calabria,2020-08-09,estimate,11,8,15,9,12
Calabria,2020-08-10,estimate,12,8,16,10,13
Calabria,2020-08-11,estimate,12,8,17,10,14
Calabria,2020-08-12,estimate,13,9,17,11,14
Calabria,2020-08-13,estimate,13,9,19,11,15
Calabria,2020-08-14,estimate,14,10,20,12,15
Calabria,2020-08-15,estimate,15,10,21,12,16
Calabria,2020-08-16,estimate,15,10,22,12,17
Calabria,2020-08-17,estimate,16,11,23,13,17
Calabria,2020-08-18,estimate,17,11,24,13,18
Calabria,2020-08-19,estimate based on partial data,18,11,26,14,20
Calabria,2020-08-20,estimate based on partial data,18,11,27,15,20
Calabria,2020-08-21,estimate based on partial data,19,12,29,15,22
Calabria,2020-08-22,estimate based on partial data,20,12,31,15,22
Calabria,2020-08-23,estimate based on partial data,21,12,33,16,24
Calabria,2020-08-24,estimate based on partial data,22,12,35,17,25
Calabria,2020-08-25,estimate based on partial data,23,12,38,16,25
Calabria,2020-08-26,estimate based on partial data,24,11,41,16,26
Calabria,2020-08-27,estimate based on partial data,25,12,44,18,29
Calabria,2020-08-28,estimate based on partial data,26,11,47,16,29
Calabria,2020-08-29,estimate based on partial data,28,12,53,17,31
Calabria,2020-08-30,estimate based on partial data,29,12,58,18,33
Calabria,2020-08-31,estimate based on partial data,30,12,64,18,34
Calabria,2020-09-01,forecast,32,9,66,18,36
Calabria,2020-09-02,forecast,33,9,73,19,38
Calabria,2020-09-03,forecast,35,7,78,19,39
Calabria,2020-09-04,forecast,36,8,86,19,41
Calabria,2020-09-05,forecast,38,8,94,20,43
Calabria,2020-09-06,forecast,40,7,105,20,45
Calabria,2020-09-07,forecast,42,4,111,20,47
Calabria,2020-09-08,forecast,44,4,121,21,50
Calabria,2020-09-09,forecast,45,5,133,21,52
Calabria,2020-09-10,forecast,47,5,145,22,54
Calabria,2020-09-11,forecast,50,5,158,22,57
Calabria,2020-09-12,forecast,52,3,170,22,59
Calabria,2020-09-13,forecast,54,3,188,23,62
Calabria,2020-09-14,forecast,56,1,204,23,65
Campania,2020-06-22,estimate,10,7,14,8,11
Campania,2020-06-23,estimate,10,7,14,9,12
Campania,2020-06-24,estimate,11,7,15,9,12
Campania,2020-06-25,estimate,11,8,16,9,12
Campania,2020-06-26,estimate,11,8,16,10,13
Campania,2020-06-27,estimate,12,8,16,10,13
Campania,2020-06-28,estimate,12,8,16,10,13
Campania,2020-06-29,estimate,12,8,16,10,13
Campania,2020-06-30,estimate,12,8,16,10,13
Campania,2020-07-01,estimate,12,7,16,10,13
Campania,2020-07-02,estimate,12,8,17,10,13
Campania,2020-07-03,estimate,12,8,17,10,13
Campania,2020-07-04,estimate,12,8,17,10,13
Campania,2020-07-05,estimate,12,8,17,10,14
Campania,2020-07-06,estimate,13,8,18,10,14
Campania,2020-07-07,estimate,13,8,18,10,14
Campania,2020-07-08,estimate,13,9,18,11,14
Campania,2020-07-09,estimate,13,9,18,11,15
Campania,2020-07-10,estimate,14,9,18,12,15
Campania,2020-07-11,estimate,14,10,19,12,16
Campania,2020-07-12,estimate,14,10,20,12,16
Campania,2020-07-13,estimate,15,10,20,12,16
Campania,2020-07-14,estimate,15,11,21,13,17
Campania,2020-07-15,estimate,16,11,21,13,17
Campania,2020-07-16,estimate,16,11,22,14,18
Campania,2020-07-17,estimate,16,11,22,14,18
Campania,2020-07-18,estimate,17,11,23,14,18
Campania,2020-07-19,estimate,17,12,23,14,19
Campania,2020-07-20,estimate,17,12,23,14,19
Campania,2020-07-21,estimate,18,12,24,14,19
Campania,2020-07-22,estimate,18,12,24,14,19
Campania,2020-07-23,estimate,18,12,24,15,20
Campania,2020-07-24,estimate,18,12,25,15,20
Campania,2020-07-25,estimate,18,12,25,15,21
Campania,2020-07-26,estimate,18,12,25,15,20
Campania,2020-07-27,estimate,19,12,26,15,21
Campania,2020-07-28,estimate,19,13,27,15,21
Campania,2020-07-29,estimate,20,13,28,16,22
Campania,2020-07-30,estimate,20,13,29,17,23
Campania,2020-07-31,estimate,21,14,30,17,24
Campania,2020-08-01,estimate,22,14,32,17,25
Campania,2020-08-02,estimate,24,14,33,19,26
Campania,2020-08-03,estimate,25,15,35,20,28
Campania,2020-08-04,estimate,27,17,38,22,31
Campania,2020-08-05,estimate,30,20,43,24,33
Campania,2020-08-06,estimate,33,21,46,27,37
Campania,2020-08-07,estimate,37,24,51,30,41
Campania,2020-08-08,estimate,41,27,57,34,46
Campania,2020-08-09,estimate,47,31,63,40,52
Campania,2020-08-10,estimate,54,36,72,46,60
Campania,2020-08-11,estimate,62,43,85,52,67
Campania,2020-08-12,estimate,71,49,96,58,77
Campania,2020-08-13,estimate,82,57,111,69,90
Campania,2020-08-14,estimate,95,65,129,81,106
Campania,2020-08-15,estimate,111,75,152,90,119
Campania,2020-08-16,estimate,129,88,177,104,137
Campania,2020-08-17,estimate,149,102,207,120,159
Campania,2020-08-18,estimate,172,117,238,142,189
Campania,2020-08-19,estimate based on partial data,199,132,271,168,223
Campania,2020-08-20,estimate based on partial data,228,158,320,192,255
Campania,2020-08-21,estimate based on partial data,261,179,369,219,295
Campania,2020-08-22,estimate based on partial data,298,199,424,238,327
Campania,2020-08-23,estimate based on partial data,339,210,489,271,381
Campania,2020-08-24,estimate based on partial data,384,227,577,279,418
Campania,2020-08-25,estimate based on partial data,437,236,690,299,476
Campania,2020-08-26,estimate based on partial data,496,223,815,346,572
Campania,2020-08-27,estimate based on partial data,555,231,1007,369,661
Campania,2020-08-28,estimate based on partial data,632,199,1206,375,747
Campania,2020-08-29,estimate based on partial data,718,181,1468,358,830
Campania,2020-08-30,estimate based on partial data,813,173,1862,314,902
Campania,2020-08-31,estimate based on partial data,920,124,2329,335,1051
Campania,2020-09-01,forecast,1042,103,2942,270,1132
Campania,2020-09-02,forecast,1177,51,3686,260,1284
Campania,2020-09-03,forecast,1328,20,4613,267,1461
Campania,2020-09-04,forecast,1524,7,5750,261,1677
Campania,2020-09-05,forecast,1724,6,7209,165,1808
Campania,2020-09-06,forecast,1959,4,9121,145,2036
Campania,2020-09-07,forecast,2212,4,11536,117,2293
Campania,2020-09-08,forecast,2533,3,14647,132,2618
Campania,2020-09-09,forecast,2865,2,18455,125,2972
Campania,2020-09-10,forecast,3222,2,23534,2,3222
Campania,2020-09-11,forecast,3665,1,30089,1,3665
Campania,2020-09-12,forecast,4135,1,37689,1,4135
Campania,2020-09-13,forecast,4697,1,47817,1,4697
Campania,2020-09-14,forecast,5328,1,59671,1,5328
Emilia-Romagna,2020-06-22,estimate,46,38,55,42,49
Emilia-Romagna,2020-06-23,estimate,47,39,56,43,50
Emilia-Romagna,2020-06-24,estimate,47,39,56,44,51
Emilia-Romagna,2020-06-25,estimate,48,40,57,45,52
Emilia-Romagna,2020-06-26,estimate,48,40,57,44,51
Emilia-Romagna,2020-06-27,estimate,49,40,58,45,52
Emilia-Romagna,2020-06-28,estimate,49,41,59,45,53
Emilia-Romagna,2020-06-29,estimate,50,41,59,46,53
Emilia-Romagna,2020-06-30,estimate,50,41,60,46,53
Emilia-Romagna,2020-07-01,estimate,51,41,60,47,54
Emilia-Romagna,2020-07-02,estimate,51,42,60,48,55
Emilia-Romagna,2020-07-03,estimate,52,42,61,48,55
Emilia-Romagna,2020-07-04,estimate,52,43,62,48,55
Emilia-Romagna,2020-07-05,estimate,53,43,62,49,57
Emilia-Romagna,2020-07-06,estimate,53,43,62,50,57
Emilia-Romagna,2020-07-07,estimate,54,44,64,50,58
Emilia-Romagna,2020-07-08,estimate,54,44,64,50,58
Emilia-Romagna,2020-07-09,estimate,55,45,64,51,59
Emilia-Romagna,2020-07-10,estimate,56,46,65,52,59
Emilia-Romagna,2020-07-11,estimate,56,47,66,52,60
Emilia-Romagna,2020-07-12,estimate,57,47,67,53,61
Emilia-Romagna,2020-07-13,estimate,57,47,67,54,62
Emilia-Romagna,2020-07-14,estimate,58,48,68,54,62
Emilia-Romagna,2020-07-15,estimate,58,48,69,54,62
Emilia-Romagna,2020-07-16,estimate,58,48,69,54,62
Emilia-Romagna,2020-07-17,estimate,58,48,69,54,63
Emilia-Romagna,2020-07-18,estimate,59,49,70,55,63
Emilia-Romagna,2020-07-19,estimate,59,49,70,54,63
Emilia-Romagna,2020-07-20,estimate,59,48,70,53,62
Emilia-Romagna,2020-07-21,estimate,59,49,71,53,62
Emilia-Romagna,2020-07-22,estimate,59,49,71,53,61
Emilia-Romagna,2020-07-23,estimate,59,49,70,53,62
Emilia-Romagna,2020-07-24,estimate,59,49,70,53,62
Emilia-Romagna,2020-07-25,estimate,59,48,69,54,62
Emilia-Romagna,2020-07-26,estimate,59,48,69,54,62
Emilia-Romagna,2020-07-27,estimate,59,49,70,53,62
Emilia-Romagna,2020-07-28,estimate,59,49,70,54,63
Emilia-Romagna,2020-07-29,estimate,59,49,71,54,63
Emilia-Romagna,2020-07-30,estimate,59,49,71,54,62
Emilia-Romagna,2020-07-31,estimate,60,50,73,55,64
Emilia-Romagna,2020-08-01,estimate,61,49,73,55,65
Emilia-Romagna,2020-08-02,estimate,62,50,74,56,66
Emilia-Romagna,2020-08-03,estimate,63,51,75,57,67
Emilia-Romagna,2020-08-04,estimate,65,51,77,60,70
Emilia-Romagna,2020-08-05,estimate,67,52,80,62,72
Emilia-Romagna,2020-08-06,estimate,69,56,84,62,73
Emilia-Romagna,2020-08-07,estimate,71,58,87,66,78
Emilia-Romagna,2020-08-08,estimate,74,60,91,67,80
Emilia-Romagna,2020-08-09,estimate,78,63,95,72,84
Emilia-Romagna,2020-08-10,estimate,82,64,98,76,89
Emilia-Romagna,2020-08-11,estimate,87,69,104,79,93
Emilia-Romagna,2020-08-12,estimate,92,74,110,83,97
Emilia-Romagna,2020-08-13,estimate,98,78,117,89,104
Emilia-Romagna,2020-08-14,estimate,104,86,126,97,112
Emilia-Romagna,2020-08-15,estimate,112,92,134,104,120
Emilia-Romagna,2020-08-16,estimate,120,97,142,110,127
Emilia-Romagna,2020-08-17,estimate,129,104,153,119,137
Emilia-Romagna,2020-08-18,estimate,138,114,165,129,149
Emilia-Romagna,2020-08-19,estimate based on partial data,149,123,180,139,162
Emilia-Romagna,2020-08-20,estimate based on partial data,161,130,193,146,171
Emilia-Romagna,2020-08-21,estimate based on partial data,173,137,210,158,187
Emilia-Romagna,2020-08-22,estimate based on partial data,187,142,227,169,201
Emilia-Romagna,2020-08-23,estimate based on partial data,200,149,249,180,220
Emilia-Romagna,2020-08-24,estimate based on partial data,215,161,280,191,240
Emilia-Romagna,2020-08-25,estimate based on partial data,232,165,310,196,255
Emilia-Romagna,2020-08-26,estimate based on partial data,249,165,339,204,276
Emilia-Romagna,2020-08-27,estimate based on partial data,267,164,378,213,298
Emilia-Romagna,2020-08-28,estimate based on partial data,286,169,434,222,323
Emilia-Romagna,2020-08-29,estimate based on partial data,305,171,494,223,345
Emilia-Romagna,2020-08-30,estimate based on partial data,325,159,547,223,367
Emilia-Romagna,2020-08-31,estimate based on partial data,348,145,607,211,380
Emilia-Romagna,2020-09-01,forecast,372,134,679,219,415
Emilia-Romagna,2020-09-02,forecast,398,132,772,219,443
Emilia-Romagna,2020-09-03,forecast,425,122,867,240,495
Emilia-Romagna,2020-09-04,forecast,453,121,987,248,536
Emilia-Romagna,2020-09-05,forecast,486,96,1101,251,577
Emilia-Romagna,2020-09-06,forecast,518,89,1239,224,590
Emilia-Romagna,2020-09-07,forecast,553,68,1386,232,642
Emilia-Romagna,2020-09-08,forecast,591,49,1555,229,686
Emilia-Romagna,2020-09-09,forecast,632,59,1770,179,682
Emilia-Romagna,2020-09-10,forecast,677,13,1957,175,727
Emilia-Romagna,2020-09-11,forecast,722,38,2246,171,779
Emilia-Romagna,2020-09-12,forecast,772,41,2532,166,834
Emilia-Romagna,2020-09-13,forecast,828,9,2824,168,901
Emilia-Romagna,2020-09-14,forecast,883,29,3209,165,969
Friuli Venezia Giulia,2020-06-22,estimate,2,2,3,2,2
Friuli Venezia Giulia,2020-06-23,estimate,2,2,3,2,2
Friuli Venezia Giulia,2020-06-24,estimate,2,2,3,2,3
Friuli Venezia Giulia,2020-06-25,estimate,2,2,3,2,3
Friuli Venezia Giulia,2020-06-26,estimate,2,2,3,2,3
Friuli Venezia Giulia,2020-06-27,estimate,2,2,3,2,3
Friuli Venezia Giulia,2020-06-28,estimate,2,2,3,2,3
Friuli Venezia Giulia,2020-06-29,estimate,3,2,3,2,3
Friuli Venezia Giulia,2020-06-30,estimate,3,2,3,2,3
Friuli Venezia Giulia,2020-07-01,estimate,3,2,4,2,3
Friuli Venezia Giulia,2020-07-02,estimate,3,2,4,2,3
Friuli Venezia Giulia,2020-07-03,estimate,3,2,4,2,3
Friuli Venezia Giulia,2020-07-04,estimate,3,2,4,3,3
Friuli Venezia Giulia,2020-07-05,estimate,3,2,4,3,3
Friuli Venezia Giulia,2020-07-06,estimate,3,2,4,3,3
Friuli Venezia Giulia,2020-07-07,estimate,3,2,4,3,4
Friuli Venezia Giulia,2020-07-08,estimate,3,3,4,3,4
Friuli Venezia Giulia,2020-07-09,estimate,4,3,5,3,4
Friuli Venezia Giulia,2020-07-10,estimate,4,3,5,3,4
Friuli Venezia Giulia,2020-07-11,estimate,4,3,5,3,4
Friuli Venezia Giulia,2020-07-12,estimate,4,3,5,3,4
Friuli Venezia Giulia,2020-07-13,estimate,4,3,5,4,4
Friuli Venezia Giulia,2020-07-14,estimate,4,3,6,4,5
Friuli Venezia Giulia,2020-07-15,estimate,4,3,6,4,5
Friuli Venezia Giulia,2020-07-16,estimate,5,3,6,4,5
Friuli Venezia Giulia,2020-07-17,estimate,5,4,6,4,5
Friuli Venezia Giulia,2020-07-18,estimate,5,4,7,4,6
Friuli Venezia Giulia,2020-07-19,estimate,5,4,7,5,6
Friuli Venezia Giulia,2020-07-20,estimate,6,4,7,5,6
Friuli Venezia Giulia,2020-07-21,estimate,6,4,7,5,6
Friuli Venezia Giulia,2020-07-22,estimate,6,5,8,5,7
Friuli Venezia Giulia,2020-07-23,estimate,6,5,8,6,7
Friuli Venezia Giulia,2020-07-24,estimate,7,5,8,6,7
Friuli Venezia Giulia,2020-07-25,estimate,7,5,9,6,8
Friuli Venezia Giulia,2020-07-26,estimate,7,6,9,7,8
Friuli Venezia Giulia,2020-07-27,estimate,8,6,10,7,8
Friuli Venezia Giulia,2020-07-28,estimate,8,6,10,8,9
Friuli Venezia Giulia,2020-07-29,estimate,9,6,11,8,10
Friuli Venezia Giulia,2020-07-30,estimate,9,7,11,8,10
Friuli Venezia Giulia,2020-07-31,estimate,10,7,12,8,10
Friuli Venezia Giulia,2020-08-01,estimate,10,8,13,9,11
Friuli Venezia Giulia,2020-08-02,estimate,11,8,13,10,12
Friuli Venezia Giulia,2020-08-03,estimate,11,9,14,10,12
Friuli Venezia Giulia,2020-08-04,estimate,12,10,15,11,13
Friuli Venezia Giulia,2020-08-05,estimate,13,10,16,11,14
Friuli Venezia Giulia,2020-08-06,estimate,13,11,17,12,15
Friuli Venezia Giulia,2020-08-07,estimate,14,11,18,13,16
Friuli Venezia Giulia,2020-08-08,estimate,15,12,19,13,16
Friuli Venezia Giulia,2020-08-09,estimate,16,13,20,14,17
Friuli Venezia Giulia,2020-08-10,estimate,17,13,21,15,18
Friuli Venezia Giulia,2020-08-11,estimate,18,14,22,16,19
Friuli Venezia Giulia,2020-08-12,estimate,19,15,23,17,20
Friuli Venezia Giulia,2020-08-13,estimate,20,16,25,18,22
Friuli Venezia Giulia,2020-08-14,estimate,21,17,27,19,23
Friuli Venezia Giulia,2020-08-15,estimate,23,17,28,20,24
Friuli Venezia Giulia,2020-08-16,estimate,24,18,30,21,26
Friuli Venezia Giulia,2020-08-17,estimate,25,19,32,22,27
Friuli Venezia Giulia,2020-08-18,estimate,26,20,33,24,29
Friuli Venezia Giulia,2020-08-19,estimate based on partial data,28,21,35,24,30
Friuli Venezia Giulia,2020-08-20,estimate based on partial data,29,21,37,25,32
Friuli Venezia Giulia,2020-08-21,estimate based on partial data,30,22,40,27,34
Friuli Venezia Giulia,2020-08-22,estimate based on partial data,32,22,42,27,34
Friuli Venezia Giulia,2020-08-23,estimate based on partial data,33,22,44,27,36
Friuli Venezia Giulia,2020-08-24,estimate based on partial data,35,22,48,29,39
Friuli Venezia Giulia,2020-08-25,estimate based on partial data,37,23,52,29,40
Friuli Venezia Giulia,2020-08-26,estimate based on partial data,38,22,56,31,44
Friuli Venezia Giulia,2020-08-27,estimate based on partial data,40,22,60,32,47
Friuli Venezia Giulia,2020-08-28,estimate based on partial data,42,21,66,33,49
Friuli Venezia Giulia,2020-08-29,estimate based on partial data,44,21,71,30,48
Friuli Venezia Giulia,2020-08-30,estimate based on partial data,46,21,78,32,52
Friuli Venezia Giulia,2020-08-31,estimate based on partial data,48,20,84,35,58
Friuli Venezia Giulia,2020-09-01,forecast,50,20,92,37,62
Friuli Venezia Giulia,2020-09-02,forecast,53,18,98,37,64
Friuli Venezia Giulia,2020-09-03,forecast,55,18,108,38,68
Friuli Venezia Giulia,2020-09-04,forecast,58,16,116,39,73
Friuli Venezia Giulia,2020-09-05,forecast,61,9,119,38,76
Friuli Venezia Giulia,2020-09-06,forecast,63,8,129,34,75
Friuli Venezia Giulia,2020-09-07,forecast,66,7,139,34,78
Friuli Venezia Giulia,2020-09-08,forecast,69,7,151,34,82
Friuli Venezia Giulia,2020-09-09,forecast,73,1,160,34,87
Friuli Venezia Giulia,2020-09-10,forecast,76,1,174,35,92
Friuli Venezia Giulia,2020-09-11,forecast,80,1,187,33,95
Friuli Venezia Giulia,2020-09-12,forecast,84,1,203,33,101
Friuli Venezia Giulia,2020-09-13,forecast,88,0,219,33,106
Friuli Venezia Giulia,2020-09-14,forecast,91,0,237,31,110
Lazio,2020-06-22,estimate,17,13,22,16,19
Lazio,2020-06-23,estimate,18,14,23,16,20
Lazio,2020-06-24,estimate,19,14,23,17,20
Lazio,2020-06-25,estimate,19,14,24,17,21
Lazio,2020-06-26,estimate,20,15,24,18,21
Lazio,2020-06-27,estimate,20,16,25,18,22
Lazio,2020-06-28,estimate,21,16,26,19,23
Lazio,2020-06-29,estimate,21,17,26,19,23
Lazio,2020-06-30,estimate,22,17,27,20,24
Lazio,2020-07-01,estimate,23,18,28,21,25
Lazio,2020-07-02,estimate,23,18,28,21,25
Lazio,2020-07-03,estimate,24,19,30,21,26
Lazio,2020-07-04,estimate,24,19,30,22,26
Lazio,2020-07-05,estimate,25,19,31,22,27
Lazio,2020-07-06,estimate,25,20,31,22,27
Lazio,2020-07-07,estimate,25,19,31,22,27
Lazio,2020-07-08,estimate,25,20,32,23,27
Lazio,2020-07-09,estimate,25,19,31,23,28
Lazio,2020-07-10,estimate,25,19,32,23,28
Lazio,2020-07-11,estimate,25,20,31,22,27
Lazio,2020-07-12,estimate,25,19,31,22,27
Lazio,2020-07-13,estimate,25,19,30,22,26
Lazio,2020-07-14,estimate,24,19,30,21,26
Lazio,2020-07-15,estimate,24,19,29,22,26
Lazio,2020-07-16,estimate,24,18,29,21,25
Lazio,2020-07-17,estimate,23,18,28,21,25
Lazio,2020-07-18,estimate,23,18,28,21,25
Lazio,2020-07-19,estimate,23,18,28,21,25
Lazio,2020-07-20,estimate,23,17,28,20,25
Lazio,2020-07-21,estimate,23,18,29,20,24
Lazio,2020-07-22,estimate,23,17,28,20,24
Lazio,2020-07-23,estimate,23,17,28,20,25
Lazio,2020-07-24,estimate,23,18,30,20,25
Lazio,2020-07-25,estimate,24,18,30,21,26
Lazio,2020-07-26,estimate,24,18,31,21,27
Lazio,2020-07-27,estimate,25,19,32,22,28
Lazio,2020-07-28,estimate,26,19,34,23,29
Lazio,2020-07-29,estimate,27,20,36,24,31
Lazio,2020-07-30,estimate,29,21,37,25,31
Lazio,2020-07-31,estimate,31,23,40,27,34
Lazio,2020-08-01,estimate,34,25,44,29,37
Lazio,2020-08-02,estimate,37,28,47,32,40
Lazio,2020-08-03,estimate,41,31,52,36,45
Lazio,2020-08-04,estimate,45,34,57,40,49
Lazio,2020-08-05,estimate,51,39,63,46,55
Lazio,2020-08-06,estimate,57,44,71,51,61
Lazio,2020-08-07,estimate,64,51,80,58,69
Lazio,2020-08-08,estimate,73,59,90,65,77
Lazio,2020-08-09,estimate,83,66,101,75,89
Lazio,2020-08-10,estimate,93,73,113,85,101
Lazio,2020-08-11,estimate,106,83,128,96,114
Lazio,2020-08-12,estimate,120,94,146,107,128
Lazio,2020-08-13,estimate,135,105,165,119,143
Lazio,2020-08-14,estimate,151,116,185,131,158
Lazio,2020-08-15,estimate,168,130,209,147,177
Lazio,2020-08-16,estimate,185,143,231,165,199
Lazio,2020-08-17,estimate,204,161,255,176,214
Lazio,2020-08-18,estimate,221,178,276,195,235
Lazio,2020-08-19,estimate based on partial data,240,192,295,209,252
Lazio,2020-08-20,estimate based on partial data,257,205,316,229,275
Lazio,2020-08-21,estimate based on partial data,273,220,341,251,298
Lazio,2020-08-22,estimate based on partial data,288,221,364,257,311
Lazio,2020-08-23,estimate based on partial data,301,221,392,262,326
Lazio,2020-08-24,estimate based on partial data,313,222,432,268,347
Lazio,2020-08-25,estimate based on partial data,324,200,462,268,366
Lazio,2020-08-26,estimate based on partial data,336,162,489,260,382
Lazio,2020-08-27,estimate based on partial data,347,150,542,262,414
Lazio,2020-08-28,estimate based on partial data,358,128,593,229,413
Lazio,2020-08-29,estimate based on partial data,366,98,645,215,431
Lazio,2020-08-30,estimate based on partial data,376,81,709,225,477
Lazio,2020-08-31,estimate based on partial data,387,62,781,208,495
Lazio,2020-09-01,forecast,399,37,849,134,452
Lazio,2020-09-02,forecast,412,36,950,115,462
Lazio,2020-09-03,forecast,424,26,1050,105,480
Lazio,2020-09-04,forecast,437,19,1156,69,475
Lazio,2020-09-05,forecast,450,16,1278,27,457
Lazio,2020-09-06,forecast,465,13,1419,24,471
Lazio,2020-09-07,forecast,477,3,1555,21,486
Lazio,2020-09-08,forecast,492,2,1719,17,500
Lazio,2020-09-09,forecast,503,2,1906,8,505
Lazio,2020-09-10,forecast,518,1,2104,2,518
Lazio,2020-09-11,forecast,531,1,2333,1,531
Lazio,2020-09-12,forecast,547,1,2603,2,548
Lazio,2020-09-13,forecast,562,1,2875,2,562
Lazio,2020-09-14,forecast,577,0,3195,0,577
Liguria,2020-06-22,estimate,8,6,10,7,8
Liguria,2020-06-23,estimate,8,6,10,7,8
Liguria,2020-06-24,estimate,8,6,10,7,9
Liguria,2020-06-25,estimate,8,6,10,7,9
Liguria,2020-06-26,estimate,8,6,10,7,9
Liguria,2020-06-27,estimate,8,6,10,7,9
Liguria,2020-06-28,estimate,8,6,11,7,9
Liguria,2020-06-29,estimate,8,6,11,7,9
Liguria,2020-06-30,estimate,8,6,11,8,9
Liguria,2020-07-01,estimate,9,6,11,8,10
Liguria,2020-07-02,estimate,9,6,11,8,10
Liguria,2020-07-03,estimate,9,7,12,8,10
Liguria,2020-07-04,estimate,9,7,12,8,10
Liguria,2020-07-05,estimate,9,7,12,8,10
Liguria,2020-07-06,estimate,10,7,12,9,10
Liguria,2020-07-07,estimate,10,7,12,9,11
Liguria,2020-07-08,estimate,10,8,13,9,11
Liguria,2020-07-09,estimate,11,8,13,9,11
Liguria,2020-07-10,estimate,11,8,14,9,12
Liguria,2020-07-11,estimate,11,8,14,10,12
Liguria,2020-07-12,estimate,11,9,14,10,12
Liguria,2020-07-13,estimate,12,9,15,10,13
Liguria,2020-07-14,estimate,12,9,15,11,13
Liguria,2020-07-15,estimate,12,9,15,11,14
Liguria,2020-07-16,estimate,13,10,16,11,14
Liguria,2020-07-17,estimate,13,10,16,12,14
Liguria,2020-07-18,estimate,13,10,17,12,15
Liguria,2020-07-19,estimate,14,10,17,12,15
Liguria,2020-07-20,estimate,14,10,18,12,15
Liguria,2020-07-21,estimate,14,10,18,13,16
Liguria,2020-07-22,estimate,15,11,18,13,16
Liguria,2020-07-23,estimate,15,11,19,13,17
Liguria,2020-07-24,estimate,16,12,20,14,17
Liguria,2020-07-25,estimate,16,12,20,14,18
Liguria,2020-07-26,estimate,17,12,21,15,18
Liguria,2020-07-27,estimate,17,13,22,15,19
Liguria,2020-07-28,estimate,18,13,22,16,19
Liguria,2020-07-29,estimate,18,13,23,16,20
Liguria,2020-07-30,estimate,19,14,24,17,21
Liguria,2020-07-31,estimate,20,14,25,18,22
Liguria,2020-08-01,estimate,21,15,26,19,23
Liguria,2020-08-02,estimate,22,16,28,19,24
Liguria,2020-08-03,estimate,23,17,29,20,25
Liguria,2020-08-04,estimate,24,18,30,21,26
Liguria,2020-08-05,estimate,25,19,31,22,27
Liguria,2020-08-06,estimate,26,20,33,24,29
Liguria,2020-08-07,estimate,28,21,34,24,29
Liguria,2020-08-08,estimate,29,23,36,26,31
Liguria,2020-08-09,estimate,31,24,38,28,33
Liguria,2020-08-10,estimate,32,25,41,29,35
Liguria,2020-08-11,estimate,34,26,43,30,36
Liguria,2020-08-12,estimate,36,28,45,32,38
Liguria,2020-08-13,estimate,38,29,48,34,41
Liguria,2020-08-14,estimate,40,30,50,35,43
Liguria,2020-08-15,estimate,42,31,53,37,45
Liguria,2020-08-16,estimate,45,33,57,39,49
Liguria,2020-08-17,estimate,47,36,61,41,52
Liguria,2020-08-18,estimate,50,36,64,42,53
Liguria,2020-08-19,estimate based on partial data,52,37,68,43,56
Liguria,2020-08-20,estimate based on partial data,55,39,72,46,60
Liguria,2020-08-21,estimate based on partial data,57,42,79,47,62
Liguria,2020-08-22,estimate based on partial data,60,40,82,50,67
Liguria,2020-08-23,estimate based on partial data,63,43,90,50,69
Liguria,2020-08-24,estimate based on partial data,66,41,94,50,70
Liguria,2020-08-25,estimate based on partial data,69,42,102,51,74
Liguria,2020-08-26,estimate based on partial data,73,43,111,53,79
Liguria,2020-08-27,estimate based on partial data,76,42,121,56,85
Liguria,2020-08-28,estimate based on partial data,80,41,133,57,90
Liguria,2020-08-29,estimate based on partial data,84,38,143,57,94
Liguria,2020-08-30,estimate based on partial data,88,37,157,60,101
Liguria,2020-08-31,estimate based on partial data,92,35,172,61,106
Liguria,2020-09-01,forecast,97,34,191,62,112
Liguria,2020-09-02,forecast,102,31,207,61,117
Liguria,2020-09-03,forecast,108,29,227,61,123
Liguria,2020-09-04,forecast,113,27,249,62,130
Liguria,2020-09-05,forecast,119,25,274,63,137
Liguria,2020-09-06,forecast,125,25,301,64,145
Liguria,2020-09-07,forecast,131,24,334,62,150
Liguria,2020-09-08,forecast,138,23,370,60,156
Liguria,2020-09-09,forecast,145,18,404,58,162
Liguria,2020-09-10,forecast,153,20,450,61,173
Liguria,2020-09-11,forecast,160,19,497,61,183
Liguria,2020-09-12,forecast,169,7,533,64,195
Liguria,2020-09-13,forecast,178,7,586,61,204
Liguria,2020-09-14,forecast,186,6,643,59,212
Lombardia,2020-06-22,estimate,147,112,180,134,161
Lombardia,2020-06-23,estimate,140,103,169,130,156
Lombardia,2020-06-24,estimate,133,99,163,123,148
Lombardia,2020-06-25,estimate,127,96,157,116,140
Lombardia,2020-06-26,estimate,121,90,147,109,132
Lombardia,2020-06-27,estimate,117,89,143,103,125
Lombardia,2020-06-28,estimate,112,85,136,103,124
Lombardia,2020-06-29,estimate,108,84,132,98,118
Lombardia,2020-06-30,estimate,104,80,126,95,114
Lombardia,2020-07-01,estimate,101,80,123,93,111
Lombardia,2020-07-02,estimate,98,77,120,90,107
Lombardia,2020-07-03,estimate,95,75,117,86,103
Lombardia,2020-07-04,estimate,93,73,114,83,99
Lombardia,2020-07-05,estimate,91,71,111,83,99
Lombardia,2020-07-06,estimate,89,70,110,81,96
Lombardia,2020-07-07,estimate,87,69,107,79,94
Lombardia,2020-07-08,estimate,85,68,106,78,93
Lombardia,2020-07-09,estimate,84,66,104,75,90
Lombardia,2020-07-10,estimate,82,64,102,74,88
Lombardia,2020-07-11,estimate,81,63,100,73,87
Lombardia,2020-07-12,estimate,80,62,99,73,87
Lombardia,2020-07-13,estimate,79,63,98,71,85
Lombardia,2020-07-14,estimate,79,63,97,71,85
Lombardia,2020-07-15,estimate,78,63,97,70,83
Lombardia,2020-07-16,estimate,78,62,96,70,84
Lombardia,2020-07-17,estimate,77,62,96,68,82
Lombardia,2020-07-18,estimate,77,60,94,69,82
Lombardia,2020-07-19,estimate,77,60,94,70,83
Lombardia,2020-07-20,estimate,77,60,94,71,84
Lombardia,2020-07-21,estimate,78,60,94,71,84
Lombardia,2020-07-22,estimate,78,60,94,72,84
Lombardia,2020-07-23,estimate,79,63,96,73,85
Lombardia,2020-07-24,estimate,80,62,96,73,86
Lombardia,2020-07-25,estimate,81,65,99,74,87
Lombardia,2020-07-26,estimate,83,68,101,76,89
Lombardia,2020-07-27,estimate,84,68,102,75,89
Lombardia,2020-07-28,estimate,86,69,104,77,91
Lombardia,2020-07-29,estimate,88,72,107,80,94
Lombardia,2020-07-30,estimate,90,73,110,82,96
Lombardia,2020-07-31,estimate,92,74,112,85,100
Lombardia,2020-08-01,estimate,95,75,114,86,102
Lombardia,2020-08-02,estimate,98,78,118,90,106
Lombardia,2020-08-03,estimate,101,80,122,93,110
Lombardia,2020-08-04,estimate,105,84,127,95,113
Lombardia,2020-08-05,estimate,109,87,133,99,118
Lombardia,2020-08-06,estimate,114,91,139,100,120
Lombardia,2020-08-07,estimate,119,93,143,107,128
Lombardia,2020-08-08,estimate,125,98,151,112,134
Lombardia,2020-08-09,estimate,132,103,161,120,142
Lombardia,2020-08-10,estimate,140,111,172,126,150
Lombardia,2020-08-11,estimate,149,119,184,135,161
Lombardia,2020-08-12,estimate,159,127,196,143,170
Lombardia,2020-08-13,estimate,171,136,209,152,181
Lombardia,2020-08-14,estimate,183,144,222,166,197
Lombardia,2020-08-15,estimate,198,157,240,178,210
Lombardia,2020-08-16,estimate,214,170,258,192,226
Lombardia,2020-08-17,estimate,232,189,285,213,250
Lombardia,2020-08-18,estimate,252,200,308,230,271
Lombardia,2020-08-19,estimate based on partial data,273,218,338,249,295
Lombardia,2020-08-20,estimate based on partial data,296,235,369,269,322
Lombardia,2020-08-21,estimate based on partial data,323,245,397,293,352
Lombardia,2020-08-22,estimate based on partial data,351,269,447,309,376
Lombardia,2020-08-23,estimate based on partial data,379,290,501,326,406
Lombardia,2020-08-24,estimate based on partial data,409,289,540,349,449
Lombardia,2020-08-25,estimate based on partial data,441,293,598,365,487
Lombardia,2020-08-26,estimate based on partial data,470,294,671,395,544
Lombardia,2020-08-27,estimate based on partial data,502,293,766,374,558
Lombardia,2020-08-28,estimate based on partial data,532,285,879,379,604
Lombardia,2020-08-29,estimate based on partial data,572,232,974,398,671
Lombardia,2020-08-30,estimate based on partial data,603,199,1111,420,750
Lombardia,2020-08-31,estimate based on partial data,636,121,1238,365,757
Lombardia,2020-09-01,forecast,675,77,1382,356,812
Lombardia,2020-09-02,forecast,719,20,1521,349,874
Lombardia,2020-09-03,forecast,763,7,1725,302,901
Lombardia,2020-09-04,forecast,809,12,1975,300,975
Lombardia,2020-09-05,forecast,858,8,2255,298,1056
Lombardia,2020-09-06,forecast,917,6,2567,237,1083
Lombardia,2020-09-07,forecast,970,2,2932,231,1170
Lombardia,2020-09-08,forecast,1029,2,3363,45,1072
Lombardia,2020-09-09,forecast,1097,1,3824,2,1097
Lombardia,2020-09-10,forecast,1171,1,4372,1,1172
Lombardia,2020-09-11,forecast,1246,1,5002,1,1246
Lombardia,2020-09-12,forecast,1327,1,5666,1,1327
Lombardia,2020-09-13,forecast,1419,0,6474,0,1419
Lombardia,2020-09-14,forecast,1505,0,7392,0,1505
Marche,2020-06-22,estimate,3,2,662,1,3
Marche,2020-06-23,estimate,3,2,863,1,3
Marche,2020-06-24,estimate,2,1,1107,1,3
Marche,2020-06-25,estimate,2,1,1404,1,3
Marche,2020-06-26,estimate,2,1,1767,1,3
Marche,2020-06-27,estimate,2,1,2211,1,3
Marche,2020-06-28,estimate,2,1,2747,1,3
Marche,2020-06-29,estimate,2,1,3387,1,3
Marche,2020-06-30,estimate,2,1,4144,1,3
Marche,2020-07-01,estimate,3,1,5039,1,3
Marche,2020-07-02,estimate,3,1,6097,1,3
Marche,2020-07-03,estimate,3,1,7340,1,3
Marche,2020-07-04,estimate,3,1,8796,1,3
Marche,2020-07-05,estimate,3,1,10492,1,3
Marche,2020-07-06,estimate,3,1,12465,1,3
Marche,2020-07-07,estimate,3,1,14759,1,3
Marche,2020-07-08,estimate,3,1,17422,1,4
Marche,2020-07-09,estimate,3,1,20509,2,4
Marche,2020-07-10,estimate,4,1,24086,2,4
Marche,2020-07-11,estimate,4,1,28231,2,4
Marche,2020-07-12,estimate,4,1,33044,2,4
Marche,2020-07-13,estimate,4,1,38643,2,5
Marche,2020-07-14,estimate,5,2,45179,2,5
Marche,2020-07-15,estimate,5,2,52838,3,5
Marche,2020-07-16,estimate,6,2,61862,3,6
Marche,2020-07-17,estimate,6,2,72560,4,6
Marche,2020-07-18,estimate,6,3,85335,4,7
Marche,2020-07-19,estimate,7,3,100713,4,7
Marche,2020-07-20,estimate,8,4,119386,5,8
Marche,2020-07-21,estimate,8,4,142270,6,9
Marche,2020-07-22,estimate,9,5,170585,6,10
Marche,2020-07-23,estimate,10,5,205971,6,10
Marche,2020-07-24,estimate,11,5,250638,7,11
Marche,2020-07-25,estimate,12,6,307592,8,13
Marche,2020-07-26,estimate,13,6,380938,8,13
Marche,2020-07-27,estimate,13,7,476323,8,14
Marche,2020-07-28,estimate,14,7,601560,9,15
Marche,2020-07-29,estimate,15,7,767512,9,16
Marche,2020-07-30,estimate,16,7,989363,9,16
Marche,2020-07-31,estimate,16,8,1288406,10,17
Marche,2020-08-01,estimate,17,8,1694626,10,18
Marche,2020-08-02,estimate,18,8,2250323,11,18
Marche,2020-08-03,estimate,18,9,3015305,11,19
Marche,2020-08-04,estimate,19,9,4074150,12,19
Marche,2020-08-05,estimate,19,9,5546435,12,20
Marche,2020-08-06,estimate,19,9,7600991,12,20
Marche,2020-08-07,estimate,20,8,10475626,12,20
Marche,2020-08-08,estimate,20,8,14504196,12,21
Marche,2020-08-09,estimate,20,8,20153439,13,21
Marche,2020-08-10,estimate,21,9,28072642,13,22
Marche,2020-08-11,estimate,21,8,39159921,14,23
Marche,2020-08-12,estimate,22,8,54650492,14,23
Marche,2020-08-13,estimate,22,8,76231269,14,23
Marche,2020-08-14,estimate,22,8,106192637,14,23
Marche,2020-08-15,estimate,23,7,147622763,15,24
Marche,2020-08-16,estimate,23,7,204657676,15,25
Marche,2020-08-17,estimate,23,7,282814600,15,25
Marche,2020-08-18,estimate,24,7,389399362,15,25
Marche,2020-08-19,estimate based on partial data,24,7,534053839,15,26
Marche,2020-08-20,estimate based on partial data,25,7,729441199,15,28
Marche,2020-08-21,estimate based on partial data,26,7,992156803,14,28
Marche,2020-08-22,estimate based on partial data,27,6,1343864508,14,29
Marche,2020-08-23,estimate based on partial data,28,5,1812821108,13,30
Marche,2020-08-24,estimate based on partial data,29,4,2435805162,13,31
Marche,2020-08-25,estimate based on partial data,30,3,3260658521,12,32
Marche,2020-08-26,estimate based on partial data,31,2,4349543173,10,33
Marche,2020-08-27,estimate based on partial data,33,2,5783239363,10,36
Marche,2020-08-28,estimate based on partial data,35,1,7666709574,8,37
Marche,2020-08-29,estimate based on partial data,36,1,10136339681,7,40
Marche,2020-08-30,estimate based on partial data,38,1,13369422515,5,41
Marche,2020-08-31,estimate based on partial data,41,0,17596593407,4,43
Marche,2020-09-01,forecast,43,0,23396008090,2,44
Marche,2020-09-02,forecast,46,0,31016197038,2,47
Marche,2020-09-03,forecast,48,0,41018956923,1,48
Marche,2020-09-04,forecast,51,0,54197200192,1,52
Marche,2020-09-05,forecast,54,0,71673713059,1,55
Marche,2020-09-06,forecast,57,0,94888167757,0,57
Marche,2020-09-07,forecast,59,0,125625178198,0,59
Marche,2020-09-08,forecast,62,0,166223049531,0,62
Marche,2020-09-09,forecast,66,0,219872432279,0,66
Marche,2020-09-10,forecast,70,0,290882327030,0,70
Marche,2020-09-11,forecast,73,0,384922010718,0,73
Marche,2020-09-12,forecast,77,0,509387572999,0,77
Marche,2020-09-13,forecast,81,0,674023415274,0,81
Marche,2020-09-14,forecast,85,0,891795135901,0,85
Molise,2020-06-23,estimate,0,0,1,0,1
Molise,2020-06-24,estimate,0,0,1,0,1
Molise,2020-06-25,estimate,0,0,1,0,1
Molise,2020-06-26,estimate,0,0,1,0,1
Molise,2020-06-27,estimate,0,0,1,0,1
Molise,2020-06-28,estimate,1,0,1,0,1
Molise,2020-06-29,estimate,1,0,1,0,1
Molise,2020-06-30,estimate,1,0,1,0,1
Molise,2020-07-01,estimate,1,0,1,0,1
Molise,2020-07-02,estimate,1,0,1,0,1
Molise,2020-07-03,estimate,1,0,1,0,1
Molise,2020-07-04,estimate,1,0,1,0,1
Molise,2020-07-05,estimate,1,0,1,1,1
Molise,2020-07-06,estimate,1,0,1,1,1
Molise,2020-07-07,estimate,1,0,1,1,1
Molise,2020-07-08,estimate,1,0,1,1,1
Molise,2020-07-09,estimate,1,0,2,1,1
Molise,2020-07-10,estimate,1,0,2,1,1
Molise,2020-07-11,estimate,1,0,2,1,1
Molise,2020-07-12,estimate,1,0,2,1,1
Molise,2020-07-13,estimate,1,1,2,1,1
Molise,2020-07-14,estimate,1,1,2,1,1
Molise,2020-07-15,estimate,1,1,3,1,2
Molise,2020-07-16,estimate,2,1,3,1,2
Molise,2020-07-17,estimate,2,1,3,1,2
Molise,2020-07-18,estimate,2,1,3,1,2
Molise,2020-07-19,estimate,2,1,4,1,2
Molise,2020-07-20,estimate,2,1,4,1,2
Molise,2020-07-21,estimate,2,1,4,1,2
Molise,2020-07-22,estimate,2,1,4,1,2
Molise,2020-07-23,estimate,2,1,4,1,2
Molise,2020-07-24,estimate,2,1,4,1,2
Molise,2020-07-25,estimate,2,1,4,1,2
Molise,2020-07-26,estimate,2,1,4,2,3
Molise,2020-07-27,estimate,2,1,4,2,3
Molise,2020-07-28,estimate,2,1,4,2,3
Molise,2020-07-29,estimate,2,1,4,2,3
Molise,2020-07-30,estimate,2,1,4,2,3
Molise,2020-07-31,estimate,2,1,4,2,3
Molise,2020-08-01,estimate,2,1,4,2,3
Molise,2020-08-02,estimate,3,1,4,2,3
Molise,2020-08-03,estimate,3,1,4,2,3
Molise,2020-08-04,estimate,3,1,5,2,3
Molise,2020-08-05,estimate,3,1,5,2,3
Molise,2020-08-06,estimate,3,1,5,2,3
Molise,2020-08-07,estimate,3,1,5,2,3
Molise,2020-08-08,estimate,3,1,5,2,3
Molise,2020-08-09,estimate,3,1,5,2,3
Molise,2020-08-10,estimate,3,1,5,2,3
Molise,2020-08-11,estimate,3,1,5,2,4
Molise,2020-08-12,estimate,3,1,5,2,4
Molise,2020-08-13,estimate,3,1,6,2,4
Molise,2020-08-14,estimate,3,1,6,2,4
Molise,2020-08-15,estimate,3,1,6,2,4
Molise,2020-08-16,estimate,3,1,6,2,4
Molise,2020-08-17,estimate,3,1,6,2,4
Molise,2020-08-18,estimate,3,1,6,2,4
Molise,2020-08-19,estimate based on partial data,3,1,7,2,4
Molise,2020-08-20,estimate based on partial data,3,1,7,2,4
Molise,2020-08-21,estimate based on partial data,3,1,7,2,4
Molise,2020-08-22,estimate based on partial data,3,0,7,2,4
Molise,2020-08-23,estimate based on partial data,3,0,7,1,4
Molise,2020-08-24,estimate based on partial data,4,0,8,1,4
Molise,2020-08-25,estimate based on partial data,4,0,8,1,4
Molise,2020-08-26,estimate based on partial data,4,0,8,1,4
Molise,2020-08-27,estimate based on partial data,4,0,9,0,4
Molise,2020-08-28,estimate based on partial data,4,0,9,0,4
Molise,2020-08-29,estimate based on partial data,4,0,10,0,4
Molise,2020-08-30,estimate based on partial data,4,0,11,0,4
Molise,2020-08-31,estimate based on partial data,4,0,11,0,4
Molise,2020-09-01,forecast,4,0,12,0,4
Molise,2020-09-02,forecast,4,0,13,0,4
Molise,2020-09-03,forecast,4,0,14,0,4
Molise,2020-09-04,forecast,4,0,15,0,4
Molise,2020-09-05,forecast,4,0,16,0,4
Molise,2020-09-06,forecast,4,0,18,0,4
Molise,2020-09-07,forecast,4,0,19,0,4
Molise,2020-09-08,forecast,4,0,20,0,4
Molise,2020-09-09,forecast,4,0,21,0,4
Molise,2020-09-10,forecast,5,0,23,0,5
Molise,2020-09-11,forecast,5,0,25,0,5
Molise,2020-09-12,forecast,5,0,27,0,5
Molise,2020-09-13,forecast,5,0,28,0,5
Molise,2020-09-14,forecast,5,0,30,0,5
Piemonte,2020-06-22,estimate,18,14,23,16,20
Piemonte,2020-06-23,estimate,17,13,22,15,18
Piemonte,2020-06-24,estimate,16,12,21,14,17
Piemonte,2020-06-25,estimate,15,11,19,14,17
Piemonte,2020-06-26,estimate,14,10,18,12,15
Piemonte,2020-06-27,estimate,13,10,17,12,14
Piemonte,2020-06-28,estimate,12,9,16,11,14
Piemonte,2020-06-29,estimate,12,8,15,10,13
Piemonte,2020-06-30,estimate,11,8,14,10,12
Piemonte,2020-07-01,estimate,11,7,14,9,12
Piemonte,2020-07-02,estimate,10,7,13,9,12
Piemonte,2020-07-03,estimate,10,7,13,9,11
Piemonte,2020-07-04,estimate,9,6,13,8,11
Piemonte,2020-07-05,estimate,9,6,12,8,10
Piemonte,2020-07-06,estimate,9,6,12,8,10
Piemonte,2020-07-07,estimate,9,6,12,8,10
Piemonte,2020-07-08,estimate,9,6,12,7,10
Piemonte,2020-07-09,estimate,9,6,12,7,10
Piemonte,2020-07-10,estimate,9,6,12,7,10
Piemonte,2020-07-11,estimate,9,6,12,7,10
Piemonte,2020-07-12,estimate,9,6,12,8,10
Piemonte,2020-07-13,estimate,10,7,13,8,10
Piemonte,2020-07-14,estimate,10,7,13,8,11
Piemonte,2020-07-15,estimate,10,7,14,9,11
Piemonte,2020-07-16,estimate,11,8,14,9,12
Piemonte,2020-07-17,estimate,12,8,15,10,13
Piemonte,2020-07-18,estimate,12,9,16,11,14
Piemonte,2020-07-19,estimate,13,10,17,12,14
Piemonte,2020-07-20,estimate,14,11,18,13,16
Piemonte,2020-07-21,estimate,15,11,19,13,17
Piemonte,2020-07-22,estimate,17,13,21,14,18
Piemonte,2020-07-23,estimate,18,14,23,16,20
Piemonte,2020-07-24,estimate,20,15,25,17,21
Piemonte,2020-07-25,estimate,22,17,27,19,24
Piemonte,2020-07-26,estimate,24,18,30,21,26
Piemonte,2020-07-27,estimate,26,19,32,23,28
Piemonte,2020-07-28,estimate,28,21,35,24,30
Piemonte,2020-07-29,estimate,30,22,37,26,32
Piemonte,2020-07-30,estimate,32,24,40,30,36
Piemonte,2020-07-31,estimate,35,27,43,31,37
Piemonte,2020-08-01,estimate,37,29,46,33,40
Piemonte,2020-08-02,estimate,39,31,48,35,42
Piemonte,2020-08-03,estimate,41,32,50,37,44
Piemonte,2020-08-04,estimate,43,34,52,40,47
Piemonte,2020-08-05,estimate,45,36,55,42,49
Piemonte,2020-08-06,estimate,47,37,57,43,51
Piemonte,2020-08-07,estimate,49,39,60,45,53
Piemonte,2020-08-08,estimate,51,39,61,47,55
Piemonte,2020-08-09,estimate,53,41,63,48,57
Piemonte,2020-08-10,estimate,55,43,67,50,59
Piemonte,2020-08-11,estimate,57,44,70,52,62
Piemonte,2020-08-12,estimate,60,46,74,54,65
Piemonte,2020-08-13,estimate,63,47,76,56,68
Piemonte,2020-08-14,estimate,66,51,82,57,70
Piemonte,2020-08-15,estimate,69,53,87,61,74
Piemonte,2020-08-16,estimate,72,56,91,65,79
Piemonte,2020-08-17,estimate,76,60,97,69,83
Piemonte,2020-08-18,estimate,81,63,102,72,87
Piemonte,2020-08-19,estimate based on partial data,86,67,108,77,93
Piemonte,2020-08-20,estimate based on partial data,91,69,114,82,99
Piemonte,2020-08-21,estimate based on partial data,98,76,125,86,105
Piemonte,2020-08-22,estimate based on partial data,104,79,133,92,113
Piemonte,2020-08-23,estimate based on partial data,111,82,145,98,123
Piemonte,2020-08-24,estimate based on partial data,119,84,158,104,136
Piemonte,2020-08-25,estimate based on partial data,128,79,173,104,142
Piemonte,2020-08-26,estimate based on partial data,136,79,196,107,154
Piemonte,2020-08-27,estimate based on partial data,145,73,218,110,168
Piemonte,2020-08-28,estimate based on partial data,155,70,251,115,185
Piemonte,2020-08-29,estimate based on partial data,163,62,287,106,192
Piemonte,2020-08-30,estimate based on partial data,173,57,331,112,214
Piemonte,2020-08-31,estimate based on partial data,184,39,371,101,223
Piemonte,2020-09-01,forecast,194,35,430,80,219
Piemonte,2020-09-02,forecast,206,29,498,74,232
Piemonte,2020-09-03,forecast,218,25,576,77,254
Piemonte,2020-09-04,forecast,231,9,660,57,255
Piemonte,2020-09-05,forecast,246,5,764,44,262
Piemonte,2020-09-06,forecast,262,3,900,42,280
Piemonte,2020-09-07,forecast,277,5,1037,39,299
Piemonte,2020-09-08,forecast,294,2,1189,36,316
Piemonte,2020-09-09,forecast,312,1,1382,32,335
Piemonte,2020-09-10,forecast,330,1,1620,30,355
Piemonte,2020-09-11,forecast,352,1,1859,8,357
Piemonte,2020-09-12,forecast,374,1,2168,6,378
Piemonte,2020-09-13,forecast,398,0,2517,0,398
Piemonte,2020-09-14,forecast,423,0,2924,0,423
Puglia,2020-06-22,estimate,1,1,2,1,2
Puglia,2020-06-23,estimate,1,1,2,1,2
Puglia,2020-06-24,estimate,1,1,2,1,2
Puglia,2020-06-25,estimate,1,1,2,1,2
Puglia,2020-06-26,estimate,1,1,2,1,2
Puglia,2020-06-27,estimate,1,1,2,1,2
Puglia,2020-06-28,estimate,1,1,2,1,2
Puglia,2020-06-29,estimate,2,1,2,1,2
Puglia,2020-06-30,estimate,2,1,2,1,2
Puglia,2020-07-01,estimate,2,1,3,1,2
Puglia,2020-07-02,estimate,2,1,3,1,2
Puglia,2020-07-03,estimate,2,1,3,2,2
Puglia,2020-07-04,estimate,2,1,3,2,2
Puglia,2020-07-05,estimate,2,1,3,2,3
Puglia,2020-07-06,estimate,2,1,3,2,3
Puglia,2020-07-07,estimate,2,1,4,2,3
Puglia,2020-07-08,estimate,3,1,4,2,3
Puglia,2020-07-09,estimate,3,2,4,2,3
Puglia,2020-07-10,estimate,3,2,4,3,4
Puglia,2020-07-11,estimate,3,2,5,3,4
Puglia,2020-07-12,estimate,4,2,5,3,4
Puglia,2020-07-13,estimate,4,3,6,3,5
Puglia,2020-07-14,estimate,5,3,6,4,5
Puglia,2020-07-15,estimate,5,3,7,4,6
Puglia,2020-07-16,estimate,5,4,7,5,6
Puglia,2020-07-17,estimate,6,4,8,5,7
Puglia,2020-07-18,estimate,7,5,9,6,7
Puglia,2020-07-19,estimate,7,5,10,6,8
Puglia,2020-07-20,estimate,8,6,11,7,9
Puglia,2020-07-21,estimate,9,6,12,8,10
Puglia,2020-07-22,estimate,10,7,13,8,11
Puglia,2020-07-23,estimate,10,7,14,9,11
Puglia,2020-07-24,estimate,11,8,16,10,13
Puglia,2020-07-25,estimate,12,9,17,10,13
Puglia,2020-07-26,estimate,14,10,18,11,15
Puglia,2020-07-27,estimate,15,11,20,12,16
Puglia,2020-07-28,estimate,16,11,21,13,17
Puglia,2020-07-29,estimate,17,12,22,14,18
Puglia,2020-07-30,estimate,18,13,24,16,20
Puglia,2020-07-31,estimate,20,14,26,17,21
Puglia,2020-08-01,estimate,21,15,27,18,23
Puglia,2020-08-02,estimate,22,16,29,19,24
Puglia,2020-08-03,estimate,24,17,31,21,26
Puglia,2020-08-04,estimate,25,19,34,22,28
Puglia,2020-08-05,estimate,27,20,35,24,29
Puglia,2020-08-06,estimate,29,21,38,25,31
Puglia,2020-08-07,estimate,31,22,40,27,33
Puglia,2020-08-08,estimate,33,24,43,28,36
Puglia,2020-08-09,estimate,35,25,46,31,39
Puglia,2020-08-10,estimate,37,26,48,31,40
Puglia,2020-08-11,estimate,39,28,51,34,43
Puglia,2020-08-12,estimate,42,30,55,36,46
Puglia,2020-08-13,estimate,45,32,59,38,49
Puglia,2020-08-14,estimate,48,34,64,40,51
Puglia,2020-08-15,estimate,51,36,68,43,55
Puglia,2020-08-16,estimate,55,39,73,47,59
Puglia,2020-08-17,estimate,58,42,78,49,63
Puglia,2020-08-18,estimate,63,45,85,54,68
Puglia,2020-08-19,estimate based on partial data,67,48,91,58,74
Puglia,2020-08-20,estimate based on partial data,72,49,96,61,78
Puglia,2020-08-21,estimate based on partial data,77,52,104,66,86
Puglia,2020-08-22,estimate based on partial data,83,55,115,67,90
Puglia,2020-08-23,estimate based on partial data,89,59,127,70,96
Puglia,2020-08-24,estimate based on partial data,95,61,142,73,104
Puglia,2020-08-25,estimate based on partial data,102,61,157,75,112
Puglia,2020-08-26,estimate based on partial data,110,58,175,76,119
Puglia,2020-08-27,estimate based on partial data,118,57,195,79,130
Puglia,2020-08-28,estimate based on partial data,127,56,223,81,141
Puglia,2020-08-29,estimate based on partial data,136,51,251,82,152
Puglia,2020-08-30,estimate based on partial data,146,45,285,81,163
Puglia,2020-08-31,estimate based on partial data,157,43,332,78,173
Puglia,2020-09-01,forecast,168,35,377,84,194
Puglia,2020-09-02,forecast,180,19,423,83,208
Puglia,2020-09-03,forecast,193,17,486,81,222
Puglia,2020-09-04,forecast,208,21,570,81,239
Puglia,2020-09-05,forecast,223,19,660,84,261
Puglia,2020-09-06,forecast,238,5,746,79,278
Puglia,2020-09-07,forecast,256,8,870,53,274
Puglia,2020-09-08,forecast,275,4,1013,49,293
Puglia,2020-09-09,forecast,294,3,1177,47,314
Puglia,2020-09-10,forecast,315,3,1348,46,339
Puglia,2020-09-11,forecast,337,2,1548,41,362
Puglia,2020-09-12,forecast,361,2,1793,24,373
Puglia,2020-09-13,forecast,387,2,2076,22,402
Puglia,2020-09-14,forecast,413,1,2381,15,424
Sardegna,2020-06-25,estimate,1,0,1,1,1
Sardegna,2020-06-26,estimate,1,0,1,1,1
Sardegna,2020-06-27,estimate,1,0,1,1,1
Sardegna,2020-06-28,estimate,1,0,1,1,1
Sardegna,2020-06-29,estimate,1,1,1,1,1
Sardegna,2020-06-30,estimate,1,1,1,1,1
Sardegna,2020-07-01,estimate,1,0,1,1,1
Sardegna,2020-07-02,estimate,1,1,1,1,1
Sardegna,2020-07-03,estimate,1,1,2,1,1
Sardegna,2020-07-04,estimate,1,1,2,1,1
Sardegna,2020-07-05,estimate,1,1,2,1,1
Sardegna,2020-07-06,estimate,1,1,2,1,1
Sardegna,2020-07-07,estimate,1,1,2,1,1
Sardegna,2020-07-08,estimate,1,1,2,1,1
Sardegna,2020-07-09,estimate,1,1,2,1,2
Sardegna,2020-07-10,estimate,1,1,2,1,2
Sardegna,2020-07-11,estimate,1,1,2,1,2
Sardegna,2020-07-12,estimate,2,1,2,1,2
Sardegna,2020-07-13,estimate,2,1,3,1,2
Sardegna,2020-07-14,estimate,2,1,3,1,2
Sardegna,2020-07-15,estimate,2,1,3,2,2
Sardegna,2020-07-16,estimate,2,1,3,2,2
Sardegna,2020-07-17,estimate,2,1,3,2,3
Sardegna,2020-07-18,estimate,2,2,4,2,3
Sardegna,2020-07-19,estimate,3,2,4,2,3
Sardegna,2020-07-20,estimate,3,2,4,2,3
Sardegna,2020-07-21,estimate,3,2,4,3,4
Sardegna,2020-07-22,estimate,3,2,5,3,4
Sardegna,2020-07-23,estimate,4,2,5,3,4
Sardegna,2020-07-24,estimate,4,3,6,3,5
Sardegna,2020-07-25,estimate,4,3,6,4,5
Sardegna,2020-07-26,estimate,5,3,7,4,5
Sardegna,2020-07-27,estimate,5,3,7,5,6
Sardegna,2020-07-28,estimate,6,4,8,5,7
Sardegna,2020-07-29,estimate,6,4,9,5,7
Sardegna,2020-07-30,estimate,7,5,9,6,8
Sardegna,2020-07-31,estimate,8,5,10,6,9
Sardegna,2020-08-01,estimate,8,5,11,7,9
Sardegna,2020-08-02,estimate,9,6,13,8,10
Sardegna,2020-08-03,estimate,10,7,14,9,12
Sardegna,2020-08-04,estimate,11,8,16,10,13
Sardegna,2020-08-05,estimate,13,9,18,10,14
Sardegna,2020-08-06,estimate,14,9,20,12,16
Sardegna,2020-08-07,estimate,16,11,23,14,19
Sardegna,2020-08-08,estimate,19,13,26,15,20
Sardegna,2020-08-09,estimate,21,14,29,18,23
Sardegna,2020-08-10,estimate,24,17,33,20,27
Sardegna,2020-08-11,estimate,27,18,37,23,31
Sardegna,2020-08-12,estimate,32,22,42,25,33
Sardegna,2020-08-13,estimate,36,26,49,29,38
Sardegna,2020-08-14,estimate,41,29,56,35,46
Sardegna,2020-08-15,estimate,48,34,65,40,53
Sardegna,2020-08-16,estimate,55,39,74,47,61
Sardegna,2020-08-17,estimate,63,44,86,53,69
Sardegna,2020-08-18,estimate,72,50,99,60,79
Sardegna,2020-08-19,estimate based on partial data,83,56,115,67,90
Sardegna,2020-08-20,estimate based on partial data,94,63,133,76,103
Sardegna,2020-08-21,estimate based on partial data,107,69,154,85,119
Sardegna,2020-08-22,estimate based on partial data,122,75,178,94,135
Sardegna,2020-08-23,estimate based on partial data,138,79,208,105,154
Sardegna,2020-08-24,estimate based on partial data,155,80,242,108,169
Sardegna,2020-08-25,estimate based on partial data,174,80,283,123,199
Sardegna,2020-08-26,estimate based on partial data,195,81,338,128,220
Sardegna,2020-08-27,estimate based on partial data,219,74,405,128,244
Sardegna,2020-08-28,estimate based on partial data,244,69,485,152,294
Sardegna,2020-08-29,estimate based on partial data,270,78,593,148,322
Sardegna,2020-08-30,estimate based on partial data,298,67,703,140,352
Sardegna,2020-08-31,estimate based on partial data,332,67,849,134,388
Sardegna,2020-09-01,forecast,373,8,960,138,438
Sardegna,2020-09-02,forecast,420,7,1155,127,484
Sardegna,2020-09-03,forecast,469,5,1392,125,543
Sardegna,2020-09-04,forecast,524,4,1675,87,575
Sardegna,2020-09-05,forecast,587,3,2035,71,630
Sardegna,2020-09-06,forecast,660,3,2442,65,706
Sardegna,2020-09-07,forecast,739,2,2970,44,773
Sardegna,2020-09-08,forecast,827,2,3604,41,865
Sardegna,2020-09-09,forecast,923,1,4357,1,923
Sardegna,2020-09-10,forecast,1033,1,5303,1,1033
Sardegna,2020-09-11,forecast,1153,1,6406,1,1153
Sardegna,2020-09-12,forecast,1286,1,7713,1,1286
Sardegna,2020-09-13,forecast,1437,1,9192,1,1437
Sardegna,2020-09-14,forecast,1616,0,10952,0,1616
Sicilia,2020-06-22,estimate,2,1,3,2,2
Sicilia,2020-06-23,estimate,2,1,3,2,2
Sicilia,2020-06-24,estimate,2,1,3,2,2
Sicilia,2020-06-25,estimate,2,2,3,2,3
Sicilia,2020-06-26,estimate,2,2,3,2,3
Sicilia,2020-06-27,estimate,3,2,4,2,3
Sicilia,2020-06-28,estimate,3,2,4,2,3
Sicilia,2020-06-29,estimate,3,2,4,2,3
Sicilia,2020-06-30,estimate,3,2,4,3,3
Sicilia,2020-07-01,estimate,3,2,5,3,4
Sicilia,2020-07-02,estimate,3,2,5,3,4
Sicilia,2020-07-03,estimate,4,2,5,3,4
Sicilia,2020-07-04,estimate,4,3,6,3,4
Sicilia,2020-07-05,estimate,4,3,6,4,5
Sicilia,2020-07-06,estimate,5,3,6,4,5
Sicilia,2020-07-07,estimate,5,3,7,4,6
Sicilia,2020-07-08,estimate,6,4,7,5,6
Sicilia,2020-07-09,estimate,6,4,8,5,7
Sicilia,2020-07-10,estimate,7,5,9,5,7
Sicilia,2020-07-11,estimate,7,5,9,6,8
Sicilia,2020-07-12,estimate,8,6,10,7,9
Sicilia,2020-07-13,estimate,9,6,11,7,9
Sicilia,2020-07-14,estimate,9,7,12,8,10
Sicilia,2020-07-15,estimate,10,8,13,9,11
Sicilia,2020-07-16,estimate,11,8,14,10,12
Sicilia,2020-07-17,estimate,12,9,16,11,13
Sicilia,2020-07-18,estimate,13,10,18,12,15
Sicilia,2020-07-19,estimate,15,11,19,13,16
Sicilia,2020-07-20,estimate,16,12,21,14,18
Sicilia,2020-07-21,estimate,18,13,23,15,19
Sicilia,2020-07-22,estimate,19,14,25,17,21
Sicilia,2020-07-23,estimate,21,16,27,18,22
Sicilia,2020-07-24,estimate,23,16,29,19,25
Sicilia,2020-07-25,estimate,25,18,32,21,27
Sicilia,2020-07-26,estimate,27,19,35,24,30
Sicilia,2020-07-27,estimate,29,21,37,25,31
Sicilia,2020-07-28,estimate,31,22,40,27,35
Sicilia,2020-07-29,estimate,34,25,44,30,37
Sicilia,2020-07-30,estimate,36,25,46,31,39
Sicilia,2020-07-31,estimate,39,28,50,33,42
Sicilia,2020-08-01,estimate,41,30,54,35,44
Sicilia,2020-08-02,estimate,44,32,57,38,48
Sicilia,2020-08-03,estimate,47,34,60,39,50
Sicilia,2020-08-04,estimate,49,36,64,42,53
Sicilia,2020-08-05,estimate,52,38,67,44,56
Sicilia,2020-08-06,estimate,54,39,70,47,59
Sicilia,2020-08-07,estimate,56,40,71,50,62
Sicilia,2020-08-08,estimate,58,44,76,50,63
Sicilia,2020-08-09,estimate,60,45,78,52,65
Sicilia,2020-08-10,estimate,62,46,80,54,67
Sicilia,2020-08-11,estimate,64,50,85,57,70
Sicilia,2020-08-12,estimate,65,48,84,57,71
Sicilia,2020-08-13,estimate,67,48,86,58,72
Sicilia,2020-08-14,estimate,68,50,89,59,73
Sicilia,2020-08-15,estimate,69,51,90,60,75
Sicilia,2020-08-16,estimate,70,51,92,59,75
Sicilia,2020-08-17,estimate,71,50,94,59,77
Sicilia,2020-08-18,estimate,72,48,95,61,81
Sicilia,2020-08-19,estimate based on partial data,72,48,100,60,81
Sicilia,2020-08-20,estimate based on partial data,73,47,103,59,82
Sicilia,2020-08-21,estimate based on partial data,73,44,106,55,80
Sicilia,2020-08-22,estimate based on partial data,74,41,110,56,83
Sicilia,2020-08-23,estimate based on partial data,74,41,117,54,84
Sicilia,2020-08-24,estimate based on partial data,75,38,122,50,84
Sicilia,2020-08-25,estimate based on partial data,76,35,128,49,86
Sicilia,2020-08-26,estimate based on partial data,76,32,135,45,85
Sicilia,2020-08-27,estimate based on partial data,77,30,143,43,87
Sicilia,2020-08-28,estimate based on partial data,78,26,149,41,89
Sicilia,2020-08-29,estimate based on partial data,79,24,160,41,92
Sicilia,2020-08-30,estimate based on partial data,80,16,164,34,90
Sicilia,2020-08-31,estimate based on partial data,81,13,174,31,91
Sicilia,2020-09-01,forecast,82,9,183,30,93
Sicilia,2020-09-02,forecast,83,9,196,23,90
Sicilia,2020-09-03,forecast,84,5,206,21,91
Sicilia,2020-09-04,forecast,85,5,219,19,93
Sicilia,2020-09-05,forecast,86,4,234,18,95
Sicilia,2020-09-06,forecast,88,1,247,16,97
Sicilia,2020-09-07,forecast,89,4,267,15,98
Sicilia,2020-09-08,forecast,90,1,283,7,93
Sicilia,2020-09-09,forecast,91,1,300,5,94
Sicilia,2020-09-10,forecast,93,1,319,4,94
Sicilia,2020-09-11,forecast,94,0,340,5,98
Sicilia,2020-09-12,forecast,96,1,364,2,97
Sicilia,2020-09-13,forecast,97,0,386,0,97
Sicilia,2020-09-14,forecast,98,0,409,0,98
Toscana,2020-06-22,estimate,7,6,9,6,8
Toscana,2020-06-23,estimate,7,6,9,7,8
Toscana,2020-06-24,estimate,8,6,9,7,8
Toscana,2020-06-25,estimate,8,6,9,7,8
Toscana,2020-06-26,estimate,8,6,10,7,8
Toscana,2020-06-27,estimate,8,6,10,7,8
Toscana,2020-06-28,estimate,8,6,10,7,9
Toscana,2020-06-29,estimate,8,6,10,7,9
Toscana,2020-06-30,estimate,8,6,10,7,9
Toscana,2020-07-01,estimate,8,6,10,7,9
Toscana,2020-07-02,estimate,8,6,10,8,9
Toscana,2020-07-03,estimate,8,6,11,8,9
Toscana,2020-07-04,estimate,9,7,11,8,9
Toscana,2020-07-05,estimate,9,7,11,8,9
Toscana,2020-07-06,estimate,9,7,11,8,9
Toscana,2020-07-07,estimate,9,7,11,8,10
Toscana,2020-07-08,estimate,9,7,11,8,10
Toscana,2020-07-09,estimate,9,7,12,8,10
Toscana,2020-07-10,estimate,10,7,12,9,10
Toscana,2020-07-11,estimate,10,8,12,9,11
Toscana,2020-07-12,estimate,10,8,13,9,11
Toscana,2020-07-13,estimate,10,8,13,9,11
Toscana,2020-07-14,estimate,11,8,13,10,12
Toscana,2020-07-15,estimate,11,8,14,10,12
Toscana,2020-07-16,estimate,12,9,14,10,12
Toscana,2020-07-17,estimate,12,9,15,11,13
Toscana,2020-07-18,estimate,12,9,15,11,13
Toscana,2020-07-19,estimate,13,10,16,11,14
Toscana,2020-07-20,estimate,14,10,17,12,15
Toscana,2020-07-21,estimate,14,11,17,13,16
Toscana,2020-07-22,estimate,15,11,18,13,16
Toscana,2020-07-23,estimate,16,12,19,14,17
Toscana,2020-07-24,estimate,17,13,21,15,18
Toscana,2020-07-25,estimate,18,13,22,16,19
Toscana,2020-07-26,estimate,19,14,23,17,20
Toscana,2020-07-27,estimate,20,16,25,18,22
Toscana,2020-07-28,estimate,21,17,27,19,23
Toscana,2020-07-29,estimate,23,18,28,20,24
Toscana,2020-07-30,estimate,24,19,30,22,26
Toscana,2020-07-31,estimate,26,20,32,24,28
Toscana,2020-08-01,estimate,28,22,35,25,30
Toscana,2020-08-02,estimate,30,23,37,27,32
Toscana,2020-08-03,estimate,32,25,39,29,34
Toscana,2020-08-04,estimate,34,28,43,31,37
Toscana,2020-08-05,estimate,37,30,46,34,40
Toscana,2020-08-06,estimate,40,32,49,36,43
Toscana,2020-08-07,estimate,43,34,52,39,46
Toscana,2020-08-08,estimate,47,38,57,42,49
Toscana,2020-08-09,estimate,50,41,62,45,54
Toscana,2020-08-10,estimate,54,43,67,49,58
Toscana,2020-08-11,estimate,59,46,71,53,63
Toscana,2020-08-12,estimate,64,49,77,58,69
Toscana,2020-08-13,estimate,69,54,84,63,74
Toscana,2020-08-14,estimate,74,57,89,68,80
Toscana,2020-08-15,estimate,80,64,99,72,86
Toscana,2020-08-16,estimate,86,68,106,78,93
Toscana,2020-08-17,estimate,93,73,115,84,100
Toscana,2020-08-18,estimate,101,77,123,92,110
Toscana,2020-08-19,estimate based on partial data,108,84,134,98,117
Toscana,2020-08-20,estimate based on partial data,117,90,146,106,129
Toscana,2020-08-21,estimate based on partial data,126,96,161,112,138
Toscana,2020-08-22,estimate based on partial data,136,99,175,120,150
Toscana,2020-08-23,estimate based on partial data,146,106,195,126,161
Toscana,2020-08-24,estimate based on partial data,158,109,214,136,178
Toscana,2020-08-25,estimate based on partial data,171,111,236,146,195
Toscana,2020-08-26,estimate based on partial data,183,116,265,150,209
Toscana,2020-08-27,estimate based on partial data,197,117,294,150,220
Toscana,2020-08-28,estimate based on partial data,213,114,326,156,238
Toscana,2020-08-29,estimate based on partial data,229,114,368,166,263
Toscana,2020-08-30,estimate based on partial data,248,116,416,166,277
Toscana,2020-08-31,estimate based on partial data,267,119,473,179,308
Toscana,2020-09-01,forecast,286,116,530,179,329
Toscana,2020-09-02,forecast,308,114,596,184,354
Toscana,2020-09-03,forecast,332,111,668,193,389
Toscana,2020-09-04,forecast,356,99,743,182,404
Toscana,2020-09-05,forecast,383,79,820,192,442
Toscana,2020-09-06,forecast,412,87,937,194,477
Toscana,2020-09-07,forecast,444,43,1014,190,505
Toscana,2020-09-08,forecast,480,34,1135,196,548
Toscana,2020-09-09,forecast,517,32,1269,210,602
Toscana,2020-09-10,forecast,557,38,1451,198,634
Toscana,2020-09-11,forecast,602,21,1613,208,690
Toscana,2020-09-12,forecast,649,25,1817,216,748
Toscana,2020-09-13,forecast,700,17,2033,217,803
Toscana,2020-09-14,forecast,756,22,2301,222,870
Trentino-Alto Adige,2020-06-22,estimate,10,4,18,5,11
Trentino-Alto Adige,2020-06-23,estimate,9,4,17,5,10
Trentino-Alto Adige,2020-06-24,estimate,9,3,16,6,10
Trentino-Alto Adige,2020-06-25,estimate,8,3,15,5,9
Trentino-Alto Adige,2020-06-26,estimate,8,3,14,5,9
Trentino-Alto Adige,2020-06-27,estimate,7,2,14,4,8
Trentino-Alto Adige,2020-06-28,estimate,7,2,13,4,8
Trentino-Alto Adige,2020-06-29,estimate,7,2,13,4,8
Trentino-Alto Adige,2020-06-30,estimate,6,2,12,4,8
Trentino-Alto Adige,2020-07-01,estimate,6,1,11,4,7
Trentino-Alto Adige,2020-07-02,estimate,6,1,11,3,7
Trentino-Alto Adige,2020-07-03,estimate,6,2,11,3,7
Trentino-Alto Adige,2020-07-04,estimate,6,1,11,3,6
Trentino-Alto Adige,2020-07-05,estimate,5,1,10,3,6
Trentino-Alto Adige,2020-07-06,estimate,5,1,10,3,6
Trentino-Alto Adige,2020-07-07,estimate,5,1,10,3,6
Trentino-Alto Adige,2020-07-08,estimate,5,1,10,3,6
Trentino-Alto Adige,2020-07-09,estimate,5,1,10,3,6
Trentino-Alto Adige,2020-07-10,estimate,6,1,10,3,7
Trentino-Alto Adige,2020-07-11,estimate,6,1,10,3,6
Trentino-Alto Adige,2020-07-12,estimate,6,2,11,3,6
Trentino-Alto Adige,2020-07-13,estimate,6,2,11,3,7
Trentino-Alto Adige,2020-07-14,estimate,6,2,11,3,7
Trentino-Alto Adige,2020-07-15,estimate,6,2,11,3,7
Trentino-Alto Adige,2020-07-16,estimate,6,2,11,4,7
Trentino-Alto Adige,2020-07-17,estimate,7,3,12,4,7
Trentino-Alto Adige,2020-07-18,estimate,7,3,12,4,8
Trentino-Alto Adige,2020-07-19,estimate,7,3,13,5,8
Trentino-Alto Adige,2020-07-20,estimate,7,3,13,5,8
Trentino-Alto Adige,2020-07-21,estimate,7,3,14,5,9
Trentino-Alto Adige,2020-07-22,estimate,8,3,14,5,9
Trentino-Alto Adige,2020-07-23,estimate,8,3,14,5,9
Trentino-Alto Adige,2020-07-24,estimate,8,3,14,5,9
Trentino-Alto Adige,2020-07-25,estimate,8,3,14,5,9
Trentino-Alto Adige,2020-07-26,estimate,8,3,14,5,9
Trentino-Alto Adige,2020-07-27,estimate,8,3,14,5,9
Trentino-Alto Adige,2020-07-28,estimate,8,3,14,5,9
Trentino-Alto Adige,2020-07-29,estimate,8,3,14,5,9
Trentino-Alto Adige,2020-07-30,estimate,8,3,14,4,8
Trentino-Alto Adige,2020-07-31,estimate,8,3,14,4,8
Trentino-Alto Adige,2020-08-01,estimate,8,3,14,4,8
Trentino-Alto Adige,2020-08-02,estimate,8,3,15,5,9
Trentino-Alto Adige,2020-08-03,estimate,8,3,15,5,9
Trentino-Alto Adige,2020-08-04,estimate,8,3,15,5,9
Trentino-Alto Adige,2020-08-05,estimate,8,3,15,4,9
Trentino-Alto Adige,2020-08-06,estimate,8,3,15,4,9
Trentino-Alto Adige,2020-08-07,estimate,8,2,15,4,9
Trentino-Alto Adige,2020-08-08,estimate,8,3,16,4,9
Trentino-Alto Adige,2020-08-09,estimate,8,3,16,5,10
Trentino-Alto Adige,2020-08-10,estimate,8,3,16,5,10
Trentino-Alto Adige,2020-08-11,estimate,9,3,16,5,10
Trentino-Alto Adige,2020-08-12,estimate,9,3,17,5,10
Trentino-Alto Adige,2020-08-13,estimate,10,4,18,5,11
Trentino-Alto Adige,2020-08-14,estimate,10,3,19,6,11
Trentino-Alto Adige,2020-08-15,estimate,11,3,19,7,13
Trentino-Alto Adige,2020-08-16,estimate,11,4,21,7,13
Trentino-Alto Adige,2020-08-17,estimate,12,4,22,7,13
Trentino-Alto Adige,2020-08-18,estimate,12,5,23,7,14
Trentino-Alto Adige,2020-08-19,estimate based on partial data,13,5,25,8,15
Trentino-Alto Adige,2020-08-20,estimate based on partial data,14,6,27,8,15
Trentino-Alto Adige,2020-08-21,estimate based on partial data,15,6,29,8,16
Trentino-Alto Adige,2020-08-22,estimate based on partial data,15,5,31,8,17
Trentino-Alto Adige,2020-08-23,estimate based on partial data,16,5,34,7,17
Trentino-Alto Adige,2020-08-24,estimate based on partial data,17,5,38,8,19
Trentino-Alto Adige,2020-08-25,estimate based on partial data,17,3,41,8,20
Trentino-Alto Adige,2020-08-26,estimate based on partial data,18,3,46,7,20
Trentino-Alto Adige,2020-08-27,estimate based on partial data,19,2,52,6,21
Trentino-Alto Adige,2020-08-28,estimate based on partial data,19,2,58,5,21
Trentino-Alto Adige,2020-08-29,estimate based on partial data,20,0,67,4,21
Trentino-Alto Adige,2020-08-30,estimate based on partial data,20,0,77,3,22
Trentino-Alto Adige,2020-08-31,estimate based on partial data,21,0,93,1,22
Trentino-Alto Adige,2020-09-01,forecast,22,0,107,1,22
Trentino-Alto Adige,2020-09-02,forecast,22,0,116,1,23
Trentino-Alto Adige,2020-09-03,forecast,23,0,127,0,23
Trentino-Alto Adige,2020-09-04,forecast,23,0,140,0,23
Trentino-Alto Adige,2020-09-05,forecast,23,0,156,0,23
Trentino-Alto Adige,2020-09-06,forecast,23,0,175,0,23
Trentino-Alto Adige,2020-09-07,forecast,24,0,195,0,24
Trentino-Alto Adige,2020-09-08,forecast,24,0,212,0,24
Trentino-Alto Adige,2020-09-09,forecast,24,0,232,0,24
Trentino-Alto Adige,2020-09-10,forecast,24,0,265,0,24
Trentino-Alto Adige,2020-09-11,forecast,25,0,297,0,25
Trentino-Alto Adige,2020-09-12,forecast,25,0,327,0,25
Trentino-Alto Adige,2020-09-13,forecast,26,0,361,0,26
Trentino-Alto Adige,2020-09-14,forecast,26,0,399,0,26
Umbria,2020-06-23,estimate,1,0,1,1,1
Umbria,2020-06-24,estimate,1,0,1,1,1
Umbria,2020-06-25,estimate,1,0,1,1,1
Umbria,2020-06-26,estimate,1,0,1,1,1
Umbria,2020-06-27,estimate,1,0,1,1,1
Umbria,2020-06-28,estimate,1,0,1,1,1
Umbria,2020-06-29,estimate,1,0,1,1,1
Umbria,2020-06-30,estimate,1,0,1,1,1
Umbria,2020-07-01,estimate,1,0,1,1,1
Umbria,2020-07-02,estimate,1,1,1,1,1
Umbria,2020-07-03,estimate,1,1,1,1,1
Umbria,2020-07-04,estimate,1,1,1,1,1
Umbria,2020-07-05,estimate,1,1,1,1,1
Umbria,2020-07-06,estimate,1,1,2,1,1
Umbria,2020-07-07,estimate,1,1,2,1,1
Umbria,2020-07-08,estimate,1,1,2,1,1
Umbria,2020-07-09,estimate,1,1,2,1,1
Umbria,2020-07-10,estimate,1,1,2,1,1
Umbria,2020-07-11,estimate,1,1,2,1,2
Umbria,2020-07-12,estimate,1,1,2,1,2
Umbria,2020-07-13,estimate,2,1,2,1,2
Umbria,2020-07-14,estimate,2,1,2,1,2
Umbria,2020-07-15,estimate,2,1,2,1,2
Umbria,2020-07-16,estimate,2,1,3,1,2
Umbria,2020-07-17,estimate,2,1,3,2,2
Umbria,2020-07-18,estimate,2,1,3,2,2
Umbria,2020-07-19,estimate,2,1,3,2,2
Umbria,2020-07-20,estimate,2,1,3,2,3
Umbria,2020-07-21,estimate,2,2,4,2,3
Umbria,2020-07-22,estimate,3,2,4,2,3
Umbria,2020-07-23,estimate,3,2,4,2,3
Umbria,2020-07-24,estimate,3,2,4,3,3
Umbria,2020-07-25,estimate,3,2,4,3,4
Umbria,2020-07-26,estimate,4,2,5,3,4
Umbria,2020-07-27,estimate,4,2,5,3,4
Umbria,2020-07-28,estimate,4,3,6,4,5
Umbria,2020-07-29,estimate,5,3,6,4,5
Umbria,2020-07-30,estimate,5,4,7,4,6
Umbria,2020-07-31,estimate,5,4,7,5,6
Umbria,2020-08-01,estimate,6,4,8,5,7
Umbria,2020-08-02,estimate,7,5,8,6,7
Umbria,2020-08-03,estimate,7,5,9,6,8
Umbria,2020-08-04,estimate,8,6,10,7,8
Umbria,2020-08-05,estimate,9,6,11,8,9
Umbria,2020-08-06,estimate,9,7,12,8,10
Umbria,2020-08-07,estimate,10,8,14,9,11
Umbria,2020-08-08,estimate,11,8,15,10,12
Umbria,2020-08-09,estimate,12,9,16,10,13
Umbria,2020-08-10,estimate,13,10,17,12,14
Umbria,2020-08-11,estimate,15,11,19,13,16
Umbria,2020-08-12,estimate,16,12,21,14,17
Umbria,2020-08-13,estimate,17,13,23,15,19
Umbria,2020-08-14,estimate,19,14,24,17,21
Umbria,2020-08-15,estimate,21,15,27,18,23
Umbria,2020-08-16,estimate,23,16,29,20,25
Umbria,2020-08-17,estimate,25,18,32,21,26
Umbria,2020-08-18,estimate,27,19,35,22,28
Umbria,2020-08-19,estimate based on partial data,29,21,38,24,31
Umbria,2020-08-20,estimate based on partial data,31,22,42,26,33
Umbria,2020-08-21,estimate based on partial data,34,23,46,28,37
Umbria,2020-08-22,estimate based on partial data,37,24,50,30,40
Umbria,2020-08-23,estimate based on partial data,40,24,56,32,44
Umbria,2020-08-24,estimate based on partial data,43,27,64,35,49
Umbria,2020-08-25,estimate based on partial data,46,27,71,35,52
Umbria,2020-08-26,estimate based on partial data,50,27,78,38,57
Umbria,2020-08-27,estimate based on partial data,54,27,89,40,62
Umbria,2020-08-28,estimate based on partial data,59,26,100,42,69
Umbria,2020-08-29,estimate based on partial data,63,27,114,39,70
Umbria,2020-08-30,estimate based on partial data,69,23,126,41,78
Umbria,2020-08-31,estimate based on partial data,75,23,143,43,85
Umbria,2020-09-01,forecast,81,19,160,43,91
Umbria,2020-09-02,forecast,88,14,177,47,103
Umbria,2020-09-03,forecast,95,20,207,49,112
Umbria,2020-09-04,forecast,102,18,233,51,123
Umbria,2020-09-05,forecast,110,16,264,51,133
Umbria,2020-09-06,forecast,120,17,302,52,144
Umbria,2020-09-07,forecast,130,5,330,49,152
Umbria,2020-09-08,forecast,140,3,373,53,169
Umbria,2020-09-09,forecast,153,3,422,54,184
Umbria,2020-09-10,forecast,166,3,480,51,197
Umbria,2020-09-11,forecast,179,2,548,36,198
Umbria,2020-09-12,forecast,194,1,620,50,230
Umbria,2020-09-13,forecast,210,1,702,36,234
Umbria,2020-09-14,forecast,227,1,801,38,257
Valle d'Aosta,2020-07-04,estimate,0,0,0,0,0
Valle d'Aosta,2020-07-05,estimate,0,0,0,0,0
Valle d'Aosta,2020-07-06,estimate,0,0,1,0,0
Valle d'Aosta,2020-07-07,estimate,0,0,1,0,0
Valle d'Aosta,2020-07-08,estimate,0,0,1,0,0
Valle d'Aosta,2020-07-09,estimate,0,0,1,0,0
Valle d'Aosta,2020-07-10,estimate,0,0,1,0,0
Valle d'Aosta,2020-07-11,estimate,0,0,1,0,0
Valle d'Aosta,2020-07-12,estimate,0,0,1,0,1
Valle d'Aosta,2020-07-13,estimate,0,0,1,0,1
Valle d'Aosta,2020-07-14,estimate,0,0,1,0,1
Valle d'Aosta,2020-07-15,estimate,0,0,1,0,1
Valle d'Aosta,2020-07-16,estimate,1,0,1,0,1
Valle d'Aosta,2020-07-17,estimate,1,0,1,0,1
Valle d'Aosta,2020-07-18,estimate,1,0,1,0,1
Valle d'Aosta,2020-07-19,estimate,1,0,1,0,1
Valle d'Aosta,2020-07-20,estimate,1,0,1,0,1
Valle d'Aosta,2020-07-21,estimate,1,0,2,1,1
Valle d'Aosta,2020-07-22,estimate,1,0,2,1,1
Valle d'Aosta,2020-07-23,estimate,1,0,2,1,1
Valle d'Aosta,2020-07-24,estimate,1,0,2,1,1
Valle d'Aosta,2020-07-25,estimate,1,0,2,1,1
Valle d'Aosta,2020-07-26,estimate,1,0,3,1,1
Valle d'Aosta,2020-07-27,estimate,1,0,3,1,1
Valle d'Aosta,2020-07-28,estimate,1,0,3,1,1
Valle d'Aosta,2020-07-29,estimate,1,0,3,1,2
Valle d'Aosta,2020-07-30,estimate,1,0,3,1,2
Valle d'Aosta,2020-07-31,estimate,1,0,3,1,2
Valle d'Aosta,2020-08-01,estimate,1,0,3,1,2
Valle d'Aosta,2020-08-02,estimate,1,0,3,1,2
Valle d'Aosta,2020-08-03,estimate,1,0,3,1,2
Valle d'Aosta,2020-08-04,estimate,1,0,3,1,2
Valle d'Aosta,2020-08-05,estimate,1,0,3,1,2
Valle d'Aosta,2020-08-06,estimate,1,0,3,1,2
Valle d'Aosta,2020-08-07,estimate,1,0,3,1,2
Valle d'Aosta,2020-08-08,estimate,1,0,3,1,2
Valle d'Aosta,2020-08-09,estimate,2,0,3,1,2
Valle d'Aosta,2020-08-10,estimate,2,0,3,1,2
Valle d'Aosta,2020-08-11,estimate,2,0,3,0,2
Valle d'Aosta,2020-08-12,estimate,2,0,4,0,2
Valle d'Aosta,2020-08-13,estimate,2,0,4,1,2
Valle d'Aosta,2020-08-14,estimate,2,0,4,1,2
Valle d'Aosta,2020-08-15,estimate,2,0,4,1,2
Valle d'Aosta,2020-08-16,estimate,2,0,5,1,3
Valle d'Aosta,2020-08-17,estimate,2,0,5,1,3
Valle d'Aosta,2020-08-18,estimate,2,0,5,1,3
Valle d'Aosta,2020-08-19,estimate based on partial data,3,0,6,1,3
Valle d'Aosta,2020-08-20,estimate based on partial data,3,0,7,2,4
Valle d'Aosta,2020-08-21,estimate based on partial data,3,0,7,2,4
Valle d'Aosta,2020-08-22,estimate based on partial data,4,1,8,2,4
Valle d'Aosta,2020-08-23,estimate based on partial data,4,1,10,2,4
Valle d'Aosta,2020-08-24,estimate based on partial data,5,1,11,2,5
Valle d'Aosta,2020-08-25,estimate based on partial data,6,1,15,2,6
Valle d'Aosta,2020-08-26,estimate based on partial data,7,1,20,2,7
Valle d'Aosta,2020-08-27,estimate based on partial data,8,1,29,2,8
Valle d'Aosta,2020-08-28,estimate based on partial data,9,0,47,2,9
Valle d'Aosta,2020-08-29,estimate based on partial data,10,0,81,2,11
Valle d'Aosta,2020-08-30,estimate based on partial data,11,0,137,1,12
Valle d'Aosta,2020-08-31,estimate based on partial data,12,0,239,1,13
Valle d'Aosta,2020-09-01,forecast,13,0,415,1,14
Valle d'Aosta,2020-09-02,forecast,15,0,685,1,15
Valle d'Aosta,2020-09-03,forecast,16,0,1207,1,17
Valle d'Aosta,2020-09-04,forecast,18,0,2064,1,19
Valle d'Aosta,2020-09-05,forecast,20,0,3314,1,21
Valle d'Aosta,2020-09-06,forecast,22,0,5649,0,22
Valle d'Aosta,2020-09-07,forecast,24,0,9828,0,24
Valle d'Aosta,2020-09-08,forecast,27,0,16984,0,27
Valle d'Aosta,2020-09-09,forecast,30,0,28812,0,30
Valle d'Aosta,2020-09-10,forecast,32,0,49703,0,32
Valle d'Aosta,2020-09-11,forecast,35,0,86321,0,35
Valle d'Aosta,2020-09-12,forecast,37,0,151031,0,37
Valle d'Aosta,2020-09-13,forecast,42,0,266082,0,42
Valle d'Aosta,2020-09-14,forecast,46,0,480813,0,46
Veneto,2020-06-22,estimate,9,7,12,8,11
Veneto,2020-06-23,estimate,10,7,13,9,11
Veneto,2020-06-24,estimate,11,7,13,9,12
Veneto,2020-06-25,estimate,11,8,14,10,13
Veneto,2020-06-26,estimate,12,8,15,10,13
Veneto,2020-06-27,estimate,13,9,16,11,14
Veneto,2020-06-28,estimate,14,10,17,12,15
Veneto,2020-06-29,estimate,15,11,18,13,16
Veneto,2020-06-30,estimate,16,12,20,14,17
Veneto,2020-07-01,estimate,17,13,21,15,19
Veneto,2020-07-02,estimate,18,14,22,16,20
Veneto,2020-07-03,estimate,20,15,24,18,21
Veneto,2020-07-04,estimate,21,17,26,19,22
Veneto,2020-07-05,estimate,23,19,28,20,24
Veneto,2020-07-06,estimate,25,20,30,23,27
Veneto,2020-07-07,estimate,27,22,33,25,29
Veneto,2020-07-08,estimate,29,24,36,26,31
Veneto,2020-07-09,estimate,31,25,38,28,33
Veneto,2020-07-10,estimate,34,27,41,29,35
Veneto,2020-07-11,estimate,36,29,44,33,39
Veneto,2020-07-12,estimate,39,31,48,35,42
Veneto,2020-07-13,estimate,41,33,51,37,44
Veneto,2020-07-14,estimate,44,34,54,39,47
Veneto,2020-07-15,estimate,47,36,57,41,50
Veneto,2020-07-16,estimate,50,39,61,45,54
Veneto,2020-07-17,estimate,52,40,64,46,56
Veneto,2020-07-18,estimate,55,43,68,49,58
Veneto,2020-07-19,estimate,58,45,71,52,62
Veneto,2020-07-20,estimate,60,47,74,54,65
Veneto,2020-07-21,estimate,63,49,77,58,68
Veneto,2020-07-22,estimate,66,52,81,59,70
Veneto,2020-07-23,estimate,68,54,83,62,73
Veneto,2020-07-24,estimate,71,58,87,66,77
Veneto,2020-07-25,estimate,74,60,90,67,78
Veneto,2020-07-26,estimate,77,62,93,69,82
Veneto,2020-07-27,estimate,80,64,95,73,85
Veneto,2020-07-28,estimate,83,67,100,75,88
Veneto,2020-07-29,estimate,86,70,104,78,91
Veneto,2020-07-30,estimate,89,74,109,82,95
Veneto,2020-07-31,estimate,93,77,113,84,98
Veneto,2020-08-01,estimate,96,80,118,90,104
Veneto,2020-08-02,estimate,100,81,120,92,107
Veneto,2020-08-03,estimate,104,85,126,95,110
Veneto,2020-08-04,estimate,109,89,130,98,115
Veneto,2020-08-05,estimate,113,92,135,105,122
Veneto,2020-08-06,estimate,118,95,140,109,126
Veneto,2020-08-07,estimate,123,99,146,114,133
Veneto,2020-08-08,estimate,128,104,153,116,136
Veneto,2020-08-09,estimate,133,106,158,122,143
Veneto,2020-08-10,estimate,138,110,164,128,149
Veneto,2020-08-11,estimate,143,116,174,131,154
Veneto,2020-08-12,estimate,149,118,178,135,158
Veneto,2020-08-13,estimate,154,121,185,139,164
Veneto,2020-08-14,estimate,160,128,195,142,168
Veneto,2020-08-15,estimate,165,133,204,149,178
Veneto,2020-08-16,estimate,171,134,209,153,182
Veneto,2020-08-17,estimate,177,138,218,158,190
Veneto,2020-08-18,estimate,182,143,227,166,200
Veneto,2020-08-19,estimate based on partial data,187,145,236,162,199
Veneto,2020-08-20,estimate based on partial data,193,148,247,168,208
Veneto,2020-08-21,estimate based on partial data,200,148,258,177,220
Veneto,2020-08-22,estimate based on partial data,205,149,273,177,225
Veneto,2020-08-23,estimate based on partial data,211,146,285,173,227
Veneto,2020-08-24,estimate based on partial data,217,146,304,180,240
Veneto,2020-08-25,estimate based on partial data,223,142,319,182,250
Veneto,2020-08-26,estimate based on partial data,230,134,335,184,261
Veneto,2020-08-27,estimate based on partial data,237,126,353,187,274
Veneto,2020-08-28,estimate based on partial data,244,122,379,184,281
Veneto,2020-08-29,estimate based on partial data,251,112,398,180,289
Veneto,2020-08-30,estimate based on partial data,258,104,422,178,300
Veneto,2020-08-31,estimate based on partial data,266,98,452,187,321
Veneto,2020-09-01,forecast,274,76,467,184,333
Veneto,2020-09-02,forecast,282,68,495,196,359
Veneto,2020-09-03,forecast,291,65,530,188,368
Veneto,2020-09-04,forecast,300,61,567,188,383
Veneto,2020-09-05,forecast,309,57,606,189,401
Veneto,2020-09-06,forecast,319,48,639,186,415
Veneto,2020-09-07,forecast,328,30,660,180,427
Veneto,2020-09-08,forecast,338,25,700,178,445
Veneto,2020-09-09,forecast,349,15,739,125,410
Veneto,2020-09-10,forecast,359,14,787,124,428
Veneto,2020-09-11,forecast,370,12,837,119,442
Veneto,2020-09-12,forecast,382,9,893,115,459
Veneto,2020-09-13,forecast,394,7,948,82,445
Veneto,2020-09-14,forecast,405,6,1007,53,434
